targets,grades_pass_block,grades_offense,yards_after_catch_per_reception,grades_pass_route,draft_season,team_name,yprr,wide_snaps,fumbles,first_downs,jersey_number,inline_snaps,contested_targets,player_game_count,eligible_season,inline_rate,contested_catch_rate,yards,receptions,targeted_qb_rating,interceptions,caught_percent,drop_rate,grades_hands_drop,slot_rate,slot_snaps,penalties,wide_rate,pass_block_rate,team,declined_penalties,route_rate,drops,position,grades_hands_fumble,longest,pass_blocks,routes,pass_plays,yards_per_reception,player,positive_epa_percent,franchise_id,contested_receptions,yards_after_catch,avg_depth_of_target,epa,avoided_tackles,player_id,touchdowns
200,79.7,96.1,5.1,96.2,2023,LA,3.57,368,1,97,12,14,47,19,2023,2.3,63.8,2047,153,126.4,1,76.5,3.2,90.7,36.1,220,1,60.4,1.6,LA,0,94.3,5,WR,70,58,10,574,609,13.4,Puka Nacua,52,26,30,777,9.9,0.21,29,100632,12
182,,92.9,4.4,93.2,2023,SEA,3.42,452,3,90,11,0,31,20,2023,0,54.8,1992,136,120.5,5,74.7,2.9,90.6,23.9,147,4,73.6,0,SEA,1,94.8,4,WR,30.7,63,0,582,614,14.6,Jaxon Smith-Njigba,50.3,29,17,596,11.7,0.1,20,129758,12
182,,90.1,5.2,90.1,2021,CIN,2.23,445,1,73,01,0,33,16,2021,0,54.5,1412,125,90.3,7,68.7,4.6,83.9,32.6,218,2,66.5,0,CIN,2,94.5,6,WR,63.4,64,0,632,669,11.3,Ja'Marr Chase,46,7,18,648,8.9,-0.04,23,84270,8
163,34.4,81.7,4.6,84.8,2022,ARZ,1.78,67,0,63,85,210,36,17,2022,28,58.3,1239,126,120.7,0,77.3,0.8,91.3,62.8,470,5,8.9,1.6,ARZ,0,92.8,1,TE,85.1,31,12,695,749,9.8,Trey McBride,45.8,1,21,577,7,0,24,75916,11
162,79,90.7,5.1,90.6,2021,DET,2.48,258,1,71,14,0,24,17,2021,0,41.7,1401,117,110.6,4,72.2,4.1,86.4,55.7,331,1,43.4,0.8,DET,0,95.3,5,WR,69.9,52,5,566,594,12,Amon-Ra St. Brown,47.5,11,10,591,8.4,0.13,16,84470,11
151,,78,2.9,79.7,2022,NO,1.98,363,0,53,12,0,34,16,2022,0,47.1,1163,100,98.2,4,66.2,3.8,86.4,41.9,262,7,58.1,0,NO,3,93.9,4,WR,83.7,62,0,587,625,11.6,Chris Olave,45.9,20,16,292,12.3,-0.04,6,84355,9
140,69,80.5,5.2,80.2,2020,MIN,1.88,424,0,47,18,0,23,17,2020,0,47.8,1048,84,58.3,10,60,5.6,75.6,27,160,1,71.6,0.2,MIN,0,93.9,5,WR,82.7,50,1,556,592,12.5,Justin Jefferson,43,18,11,435,10.7,-0.19,13,61398,2
135,,84.8,2.3,83.9,2014,LA,1.9,452,0,61,17,0,34,17,2014,0,29.4,974,71,106.8,2,52.6,11.3,43.2,16.1,87,1,83.9,0,LA,0,95.2,9,WR,81.5,44,0,513,539,13.7,Davante Adams,51.5,26,10,161,14,0.17,2,8688,15
135,41.9,77.2,6.9,91.7,2017,SF,1.81,21,1,56,23,10,15,19,2017,1.6,60,1029,113,111.4,3,83.7,4.2,84.6,14.5,93,0,3.3,8.7,SF,0,88.3,5,HB,83.5,39,56,567,642,9.1,Christian McCaffrey,51.5,28,9,776,2.9,0.09,24,11763,9
134,,73.8,2.7,74.2,2018,DEN,1.53,608,0,56,14,0,35,19,2018,0,48.6,1087,81,96.8,3,60.4,9,59.4,18.8,141,1,81.2,0,DEN,1,94.8,8,WR,82.5,52,0,710,749,13.4,Courtland Sutton,44.7,10,17,220,13.1,0.02,9,48164,8
131,39.6,70.2,4.3,69.8,2022,NYG,1.87,183,1,39,17,0,22,16,2022,0,31.8,1014,92,96.7,2,70.2,3.2,89.1,67.9,399,4,31.1,0.2,NYG,1,92,3,WR,32,50,1,541,588,11,Wan'Dale Robinson,43.2,21,7,392,9,-0.02,16,101735,4
131,,85.9,5.1,87.2,2022,DAL,2.35,593,4,73,03,0,39,17,2022,0,56.4,1429,93,120.1,3,71,5.1,79.5,10.3,68,8,89.7,0,DAL,1,92.1,5,WR,22.6,45,0,609,661,15.4,George Pickens,51.1,9,22,478,12,0.16,21,99229,9
127,,80.9,3.3,83.4,2019,PHI,1.96,486,0,48,11,0,36,16,2019,0,47.2,1028,81,97.5,3,63.8,3.6,85.3,12.4,69,8,87.6,0,PHI,1,94.4,3,WR,82.5,45,0,524,555,12.7,A.J. Brown,44.8,24,17,268,12.2,0.04,10,48327,7
126,,79.3,3.9,79.2,2025,CAR,1.85,507,1,60,04,0,24,18,2025,0,33.3,1095,75,86.6,6,59.5,8.5,55.4,19.9,126,1,80.1,0,CAR,0,93.7,7,WR,81.8,43,0,593,633,14.6,Tetairoa McMillan,44.5,5,8,290,12.3,-0.09,8,158735,7
126,64.9,76,2.9,76.1,2013,LAC,1.62,308,2,51,13,0,25,18,2013,0,48,802,84,88.1,2,66.7,7.7,59.3,41.2,216,0,58.8,0.2,LAC,0,94.7,7,WR,29,31,1,496,524,9.5,Keenan Allen,47.9,27,12,242,8.4,0,10,7857,4
126,65.7,67.3,5.2,68.5,2025,TB,1.75,366,0,34,02,0,27,17,2025,0,29.6,938,63,77.4,4,50,11.3,49.6,37,216,4,62.8,0.2,TB,1,91.9,8,WR,81.3,77,1,536,583,14.9,Emeka Egbuka,42.8,30,8,330,13.2,-0.09,7,145055,6
124,68.1,85.9,4.5,85.5,2021,HST,2.27,434,1,49,12,0,34,16,2021,0,55.9,1138,74,102.8,1,59.7,1.3,88.9,20.4,111,3,79.6,0.2,HST,1,92.1,1,WR,51.3,57,1,502,545,15.4,Nico Collins,43.1,13,19,332,13,0,6,61441,6
124,46.8,76.4,3.6,76.4,2023,ARZ,1.59,469,0,51,14,1,34,17,2023,0.1,64.7,1006,78,90.3,5,62.9,4.9,80.2,30.2,204,1,69.5,0.1,ARZ,0,93.5,4,WR,82.4,50,1,631,675,12.9,Michael Wilson,44.6,1,22,277,12.2,-0.04,6,84423,7
122,,76.9,4,78.9,2021,PHI,1.92,253,0,46,06,0,25,18,2021,0,40,1078,85,104.5,1,69.7,3.4,81.7,56.6,335,2,42.7,0,PHI,0,94.8,3,WR,82.8,79,0,561,592,12.7,DeVonta Smith,44,24,10,344,11.7,0.03,7,61100,4
120,75.4,82.7,4.1,82.6,2015,NE,2.08,270,0,55,08,0,16,21,2015,0,75,1123,99,109.1,3,82.5,2.9,90,53,305,4,46.9,0.3,NE,0,93.9,3,WR,83.6,34,2,541,576,11.3,Stefon Diggs,53.4,19,12,408,8.4,0.21,12,9579,5
117,,79.6,5.5,81.6,2023,BLT,2.53,337,3,48,04,0,13,17,2023,0,53.8,1211,86,113.6,2,73.5,5.5,76,33.9,173,5,65.9,0,BLT,2,93.7,5,WR,23.5,64,0,479,511,14.1,Zay Flowers,47.6,3,7,473,10.1,-0.02,16,97268,5
114,81.3,73.6,4.5,82,2021,ATL,1.71,121,0,51,08,268,20,17,2021,45,55,928,88,104,3,77.2,4.3,81.8,34.7,207,7,20.3,3.9,ATL,0,91.1,4,TE,83.1,36,23,543,596,10.5,Kyle Pitts,45.6,2,11,399,7.5,-0.01,9,83964,5
114,,77.6,4.3,79,2020,DAL,2.37,321,0,43,88,0,30,14,2020,0,46.7,1077,75,94.1,3,65.8,9.6,55.2,34.7,173,6,64.5,0,DAL,2,91.4,8,WR,82.2,74,0,455,498,14.4,CeeDee Lamb,50.3,9,14,320,12.7,0.12,10,61570,3
112,38.8,74.3,7.3,74.3,2022,BUF,1.8,141,1,34,10,11,17,18,2022,2.1,41.2,876,91,103.7,2,81.3,5.2,78.6,69,358,2,27.2,0.6,BUF,0,93.6,5,WR,65.9,54,3,486,519,9.6,Khalil Shakir,46.4,4,7,665,3.5,0.08,25,84140,4
111,36.3,71.1,3.8,73.2,2019,JAX,1.52,347,1,44,03,0,26,17,2019,0,46.2,847,76,73.7,7,68.5,5,76.8,41.7,248,4,58.3,0.2,JAX,1,93.6,4,WR,82.3,50,1,557,595,11.1,Jakobi Meyers,51.3,15,12,290,9.4,0.16,9,47468,3
110,69.3,70.4,3.4,70.8,2020,IND,1.46,398,0,47,11,6,16,17,2020,1,43.8,784,80,94.7,5,72.7,4.8,75.2,28.9,166,5,69.2,0.2,IND,2,93.4,4,WR,82.4,27,1,537,575,9.8,Michael Pittman Jr.,49.6,14,7,272,8.4,0.07,7,29049,7
108,56.2,73.1,4.7,76.5,2018,HST,1.57,65,1,41,86,347,8,19,2018,55.4,25,836,87,108.2,0,80.6,1.1,90.3,32.1,201,7,10.4,7.8,HST,0,85,1,TE,54.7,47,49,532,626,9.6,Dalton Schultz,44.8,13,2,405,6.5,0.03,9,47304,3
106,43.9,84,4.4,86.2,2025,CHI,1.97,124,0,44,84,218,22,18,2025,42.5,40.9,906,70,107.7,1,66,2.8,87.3,31,159,5,24.2,5.7,CHI,0,89.9,2,TE,81.6,58,29,461,513,12.9,Colston Loveland,45.2,6,9,311,10,0.04,7,158540,6
106,64.2,67.6,6.4,72,2025,IND,1.63,79,0,42,84,227,23,17,2025,39.4,39.1,817,76,98.7,2,71.7,6.2,72.5,43.6,251,4,13.7,6.9,IND,1,87.2,5,TE,54.3,41,40,502,576,10.8,Tyler Warren,47.9,14,9,487,5.9,0.04,5,129798,4
106,38.3,66.9,4.7,68,2024,LAC,1.35,218,0,37,15,6,14,17,2024,0.9,21.4,821,69,87.8,5,65.1,4.2,74.7,64.8,412,4,34.3,0.2,LAC,1,95.3,3,WR,84,58,1,606,636,11.9,Ladd McConkey,48.4,27,3,322,10.5,0.01,13,124030,6
105,,58.5,3.4,57.9,2020,CLV,1.02,510,1,31,03,1,23,17,2020,0.2,34.8,602,50,44.2,7,47.6,15.3,32.7,18.6,117,3,81.2,0,CLV,1,94.1,9,WR,30,60,0,591,628,12,Jerry Jeudy,35.5,8,8,168,12.3,-0.27,3,61103,2
104,75.3,88,3.6,89.9,2022,ATL,2.34,279,1,46,05,0,30,12,2022,0,43.3,919,68,107.8,2,65.4,2.9,86.1,33.7,142,3,66.3,1,ATL,1,93.1,2,WR,46.8,43,4,392,421,13.5,Drake London,45.2,2,13,243,11.1,0,4,86519,7
103,,71.1,7.4,73.1,2019,PIT,1.78,427,0,39,04,0,24,16,2019,0,33.3,892,61,90.8,4,59.2,9,60.6,19.2,102,8,80.4,0,PIT,0,94.4,6,WR,81.2,80,0,501,531,14.6,D.K. Metcalf,43.5,25,8,449,11.4,-0.05,11,47864,6
103,54.1,67.9,5,76.4,2025,CLV,1.68,75,0,32,44,207,21,16,2025,42,47.6,731,72,101.2,2,69.9,6.5,71.1,41.4,204,6,15.2,5.7,CLV,0,88.4,5,TE,53.1,35,28,436,493,10.2,Harold Fannin Jr.,36.2,8,10,359,6,-0.21,22,163104,6
103,57.9,72,5.7,74,2013,KC,1.47,146,1,46,87,218,8,17,2013,34,37.5,851,76,98,4,73.8,8.4,52.6,42.1,270,3,22.7,4.5,KC,0,89.9,7,TE,81.9,44,29,577,642,11.2,Travis Kelce,45.8,16,3,430,6.9,0.02,9,7844,5
102,,62.3,4.3,63.6,2024,DEN,1.42,289,1,32,11,0,17,18,2024,0,52.9,709,65,87.4,4,63.7,11,45.3,45.1,238,5,54.7,0,DEN,2,94.3,8,WR,48.9,48,0,498,528,10.9,Troy Franklin,45.6,10,9,279,13,0.05,9,146567,6
100,54.4,59.4,3.8,60,2022,DAL,1.2,38,3,30,87,220,21,17,2022,37.9,57.1,600,82,114.2,1,82,4.7,74.2,54.2,315,5,6.5,6,DAL,2,85.7,4,TE,24.1,26,35,498,581,7.3,Jake Ferguson,52.1,9,12,308,5,0.2,9,61081,8
100,61.1,66.5,4.7,69.1,2020,NO,1.69,93,2,41,83,165,25,17,2020,27.8,56,889,77,113.3,0,77,8.3,60.7,53.6,318,2,15.7,5.7,NO,0,88.7,7,TE,27.8,52,34,526,593,11.5,Juwan Johnson,45.8,20,14,363,7.6,-0.02,12,28305,3
99,30.4,86.6,10.9,88.1,2023,ATL,1.88,59,1,34,07,0,5,17,2023,0,60,820,79,110.4,1,79.8,3.7,84.2,18,98,1,10.9,15.3,ATL,0,80.5,3,HB,49.4,69,83,437,543,10.4,Bijan Robinson,45.5,2,3,858,0.7,-0.02,26,123126,4
99,67.6,70.3,4.6,71,2024,CHI,1.53,320,0,41,15,0,20,14,2024,0,35,749,48,81.6,3,48.5,9.4,57.5,38.4,200,3,61.4,0.4,CHI,0,93.9,5,WR,37.1,37,2,489,521,15.6,Rome Odunze,43.6,6,7,219,14.9,0.02,4,73774,6
99,62.3,66.4,3.2,67.6,2022,SEA,1.36,402,1,32,22,0,16,21,2022,0,37.5,765,62,76.4,4,62.6,0,90.8,32.4,193,3,67.6,0.2,SEA,0,94.5,0,WR,60,87,1,562,595,12.3,Rashid Shaheed,46.2,29,6,201,12.8,-0.09,2,63707,2
99,61.8,69.4,6.5,70.3,2019,WAS,1.66,161,1,32,01,1,19,16,2019,0.2,52.6,727,72,97.5,3,72.7,6.5,65.7,64.3,308,5,33.6,0.2,WAS,1,91.2,5,WR,28.8,41,1,437,479,10.1,Deebo Samuel,48.2,32,10,471,5.5,0,17,48274,5
99,,84,3.6,85.2,2021,MIA,2.19,339,1,48,17,0,22,16,2021,0,54.5,910,64,85,7,64.6,4.5,79.1,23,102,2,76.5,0,MIA,2,93.9,3,WR,48,46,0,416,443,14.2,Jaylen Waddle,45.3,17,12,231,13.2,-0.02,9,84088,6
98,65.4,72.5,5.4,75.3,2016,NE,1.54,92,0,46,85,258,24,21,2016,38.6,54.2,880,69,112.6,3,70.4,8,64.9,44.3,296,3,13.8,10,NE,0,85.5,6,TE,81.5,36,67,571,668,12.8,Hunter Henry,53,19,13,370,8.8,0.21,4,10669,8
98,67.5,80.1,2.8,80.2,2020,CIN,1.62,482,0,41,05,1,38,15,2020,0.2,47.4,846,59,117.1,2,60.2,3.3,83.2,12.8,71,1,87,0.2,CIN,1,94.4,2,WR,80.4,44,1,523,554,14.3,Tee Higgins,45.4,7,18,164,13.9,-0.09,8,61211,11
98,,82.1,4.6,85.1,2023,JAX,2.19,228,0,42,11,3,29,17,2023,0.6,65.5,954,65,101.3,4,66.3,8.5,62.2,50.5,237,1,48.6,0,JAX,1,93,6,WR,89.3,63,0,436,469,14.7,Parker Washington,49.1,15,19,297,13.2,0.07,12,129799,6
97,,75.6,6.9,76.7,2022,DET,1.86,480,0,49,01,0,8,17,2022,0,62.5,1117,65,125.7,1,67,12.2,43.9,23.2,145,5,76.7,0,DET,0,96,9,WR,81.8,64,0,601,626,17.2,Jameson Williams,47.8,11,5,447,12.7,0.13,12,101701,7
96,64,67.1,3.7,68.9,2020,SF,1.35,390,1,38,15,0,35,17,2020,0,54.3,711,58,84.2,7,60.4,7.9,63.3,29.9,166,4,70.1,0.7,SF,0,94.4,5,WR,43.6,45,4,525,556,12.3,Jauan Jennings,50.2,28,19,215,10.8,0.07,11,48027,9
95,74.7,67.8,4.5,67.9,2018,CHI,1.24,446,1,37,02,1,14,19,2018,0.1,57.1,798,61,109.9,2,64.2,4.7,76.6,32.1,219,8,65.3,0.3,CHI,0,94,3,WR,82.5,46,2,642,683,13.1,DJ Moore,44.7,6,8,277,12.1,0.04,5,48267,8
94,,74.6,3.3,77.3,2022,GB,1.86,397,1,48,87,0,30,17,2022,0,43.3,848,63,115.9,1,67,6,66.1,18,87,1,82,0,GB,0,94,4,WR,58.3,48,0,455,484,13.5,Romeo Doubs,51.9,12,13,206,12.9,0.19,4,84329,7
92,50.5,85.6,8.1,90.3,2023,DET,1.67,24,0,28,00,0,2,17,2023,0,50,616,77,112.7,0,83.7,4.9,77.1,8,37,1,5.2,17.5,DET,0,79.5,4,HB,75.8,42,81,368,463,8,Jahmyr Gibbs,47.3,11,1,626,0.4,0.1,25,122474,5
90,,65.5,3.4,66.6,2024,JAX,1.45,404,0,35,07,0,30,15,2024,0,36.7,728,50,88.6,1,55.6,13.8,39,24.1,128,2,75.9,0,JAX,0,94.2,8,WR,80,46,0,501,532,14.6,Brian Thomas Jr.,47.7,15,11,171,14.7,0.11,4,146760,3
90,,65.9,5.1,65.7,2023,LV,1.2,505,0,32,01,5,13,17,2023,0.8,38.5,696,57,101,1,63.3,8.1,63,17.2,106,4,81.7,0,LV,0,94.2,5,WR,84.3,61,0,582,618,12.2,Tre Tucker,41.1,23,5,292,10.7,-0.19,9,101106,5
89,55.1,73.1,5.2,73.6,2017,SEA,1.49,273,1,34,10,1,16,19,2017,0.2,43.8,750,62,92.4,3,69.7,6.1,71.7,47,251,1,51.1,0.6,SEA,0,94.2,4,WR,44.8,67,3,503,534,12.1,Cooper Kupp,48.5,29,7,322,8.6,0.04,11,11824,3
87,69.3,72.6,7.2,70.5,2021,PIT,1.44,29,1,23,14,71,4,18,2021,17.6,100,512,77,102.7,0,88.5,3.8,83.9,14.1,57,2,7.2,6.7,PIT,0,88.1,3,HB,67.3,45,27,355,403,6.6,Kenneth Gainwell,41.4,25,4,557,-0.2,-0.08,13,77737,3
86,,61,3,63.4,2025,TEN,1.02,433,0,30,05,1,23,16,2025,0.2,56.5,515,41,67.7,3,47.7,8.9,58.3,18.6,99,2,81.2,0,TEN,0,94.7,4,WR,78.1,39,0,505,533,12.6,Elic Ayomanor,36,31,13,121,12.8,-0.25,4,157263,4
86,27.7,75.1,6.6,71.9,2023,CIN,1.09,19,1,18,30,2,8,17,2023,0.4,62.5,437,69,97.5,2,80.2,5.5,74.7,9.7,46,1,4,11.8,CIN,0,84,4,HB,74.9,23,56,400,476,6.3,Chase Brown,46.7,7,5,452,0.6,-0.12,17,77787,5
85,43.3,89.2,8.2,75,2023,MIA,1.29,42,0,23,28,0,7,16,2023,0,28.6,488,67,96.5,2,78.8,5.6,74.3,24.7,106,1,9.8,7.9,MIA,0,87.9,4,HB,84.8,29,34,377,429,7.3,De'Von Achane,42.8,17,2,551,0.6,-0.06,23,124305,4
85,64.2,66.7,3.9,69.1,2018,PHI,1.34,71,0,36,88,191,9,16,2018,37.1,0,624,64,135,0,75.3,4.5,78.7,48.7,251,0,13.8,4.1,PHI,0,90.5,3,TE,81.4,36,21,466,515,9.8,Dallas Goedert,45.1,24,0,252,7.5,0.07,6,47272,12
84,,77.1,2.5,77.4,2023,IND,1.49,82,0,36,02,0,14,16,2023,0,35.7,566,58,88.7,3,69,4.9,76.6,78.8,319,1,20.2,0,IND,0,93.6,3,WR,83.5,34,0,379,405,9.8,Josh Downs,45.1,14,5,144,8.4,-0.03,7,122832,4
83,,79.3,4,81,2022,IND,2.1,438,0,41,14,0,32,15,2022,0,43.8,1003,47,113.7,2,56.6,2.1,86.2,13.4,68,4,86.6,0,IND,0,94.3,1,WR,79.2,66,0,477,506,21.3,Alec Pierce,47,14,14,188,20,0.03,2,78038,6
83,79.2,78.8,4.6,82.2,2024,LV,1.7,82,0,36,89,143,23,12,2024,32.7,65.2,680,64,113.5,3,77.1,4.5,72.5,47.6,208,0,18.8,3.2,LV,0,91.5,3,TE,81.1,38,14,400,437,10.6,Brock Bowers,42.5,23,15,296,7.5,-0.17,4,146715,7
83,,66.8,4.3,66.9,2023,LAC,1.44,470,1,26,01,0,23,15,2023,0,47.8,755,54,116.3,2,65.1,6.9,67.4,14.5,80,1,85.5,0,LAC,0,95.5,4,WR,40.9,60,0,525,550,14,Quentin Johnston,48,27,11,231,12.9,0.01,12,123085,8
81,34.7,70,2.7,71.9,2025,HST,1.46,362,0,33,81,1,17,19,2025,0.2,41.2,623,50,100,2,61.7,2,86.5,20.4,93,4,79.2,0.7,HST,1,93.4,1,WR,79.3,75,3,427,457,12.5,Jayden Higgins,43.6,13,7,134,12.5,0,3,150240,6
80,71.3,57.4,5.2,58.1,2022,TB,1.08,104,0,25,88,213,20,16,2022,34.1,35,572,59,87.1,2,73.8,3.3,82.9,48.6,304,5,16.6,9.4,TB,0,84.5,2,TE,80.3,27,59,528,625,9.7,Cade Otton,44.2,30,7,307,5.1,-0.02,7,61071,1
77,75,56.9,5.9,57.6,2017,DEN,1.21,55,0,20,01,184,8,18,2017,42.6,50,487,53,84.7,1,68.8,7,67.2,43.1,186,2,12.7,2.8,DEN,0,93.1,4,TE,80,41,12,402,432,9.2,Evan Engram,45.2,10,4,312,4.2,0.05,6,11778,1
77,65.2,76.4,8.1,77.2,2023,KC,2.15,158,1,27,04,0,16,8,2023,0,25,571,53,106.6,1,68.8,10.2,53.9,44.1,127,2,54.9,0.3,KC,0,92,6,WR,25.6,47,1,265,288,10.8,Rashee Rice,44,16,4,427,4.9,-0.01,8,97605,5
76,60.5,59.9,6.2,67.1,2022,TEN,1.33,68,0,24,85,187,7,17,2022,38.4,71.4,560,56,97.5,1,73.7,5.1,76,46,224,3,14,7.2,TEN,0,86.2,3,TE,80.2,43,35,420,487,10,Chigoziem Okonkwo,37.3,31,5,345,4.9,-0.21,13,84000,2
74,72.2,70.8,2.5,71.7,2017,NE,1.72,306,1,33,13,15,16,17,2017,3.6,62.5,679,52,101.1,2,70.3,0,90.5,22.5,94,2,73.4,0.7,NE,1,94.5,0,WR,39.9,54,3,394,417,13.1,Mack Hollins,50.6,19,10,130,14.4,0.13,1,11873,3
74,,64.9,3.2,61.7,2023,MIN,1.36,371,0,26,03,1,13,14,2023,0.2,46.2,610,42,74.7,4,56.8,14.3,36.9,20.9,99,0,78.4,0,MIN,0,94.5,7,WR,78.7,81,0,447,473,14.5,Jordan Addison,42.3,18,6,135,14.5,-0.19,3,123000,3
73,24.1,61.4,4.7,65.1,2025,TEN,1.02,137,0,20,17,0,3,17,2025,0,33.3,423,48,93.6,1,65.8,4,79.6,68,300,4,31.1,0,TEN,1,93.9,2,WR,79.6,38,0,414,441,8.8,Chimere Dike,36.5,31,1,226,8,-0.24,2,129918,4
72,,67,4.9,66.3,2024,KC,1.25,314,0,22,01,0,9,14,2024,0,44.4,532,42,80.3,1,58.3,4.5,76.3,30.3,138,1,69,0,KC,0,93.2,2,WR,81.7,42,0,424,455,12.7,Xavier Worthy,49.5,16,4,207,12.5,0.12,8,144718,1
72,,69.8,3.9,70.4,2019,KC,1.49,260,1,29,05,0,10,16,2019,0,40,587,49,104.3,2,68.1,2,86.2,37.8,159,1,61.8,0,KC,0,93.3,1,WR,36,51,0,393,421,12,Marquise Brown,46.3,16,4,190,11.8,0.06,6,61568,5
72,30.9,60.8,2.6,63.3,2013,WAS,1.37,50,1,25,86,119,14,13,2013,29.2,64.3,504,50,96.1,2,69.4,12.3,47.2,58.3,238,5,12.3,1.2,WAS,0,90.4,7,TE,39.8,30,5,369,408,10.1,Zach Ertz,47.3,32,9,130,9.3,-0.03,2,7816,4
72,,76.7,7.2,77.7,2025,CHI,2.34,166,0,30,10,0,1,17,2025,0,0,718,53,102.7,2,73.6,10.2,52.8,47.4,152,0,51.7,0,CHI,0,95.6,6,WR,82.5,65,0,307,321,13.5,Luther Burden III,44.6,6,0,383,7.9,0.01,14,157170,2
72,41,58,4.3,62,2024,NYG,1.24,73,0,24,84,162,19,15,2024,30.6,63.2,528,45,96.3,2,62.5,13.5,33.8,49.4,262,3,13.8,12.6,NYG,0,80.6,7,TE,78.8,42,67,427,530,11.7,Theo Johnson,42.1,21,12,192,8.9,-0.04,3,129787,5
72,,68.4,2.9,67.6,2024,ARZ,1.58,316,0,30,18,0,19,12,2024,0,47.4,608,41,91.7,2,56.9,10.9,47.7,23.3,96,0,76.7,0,ARZ,0,93.2,5,WR,78.3,45,0,384,412,14.8,Marvin Harrison Jr.,47.4,1,9,118,13.9,0.03,3,145056,4
71,,59.7,2.6,59.9,2024,NYJ,1.46,264,1,15,15,0,10,16,2024,0,50,453,33,47.4,5,46.5,15.4,35.1,18.3,59,1,81.7,0,NYJ,0,96,6,WR,26.3,75,0,310,323,13.7,Adonai Mitchell,40.3,22,5,87,15.2,-0.27,2,146712,2
71,49.7,75.4,7.3,77.2,2020,LA,1.8,64,2,31,84,298,11,18,2020,72.3,36.4,560,51,122.7,2,71.8,12.1,45.6,11.7,48,3,15.5,20.9,LA,1,75.5,7,TE,38.4,40,86,311,412,11,Colby Parkinson,54.3,26,4,373,5.5,0.26,6,52266,9
71,67.3,74.6,5.3,72.7,2024,SEA,1.35,27,3,31,88,444,9,20,2024,80.3,66.7,586,58,122.2,2,81.7,3.3,82.8,12.7,70,6,4.9,16.8,SEA,1,78.5,2,TE,23.3,61,93,434,553,10.1,AJ Barner,49.1,29,6,307,5.4,0.09,7,129433,7
71,70.7,64.1,4.5,71.1,2025,LAC,1.65,67,1,30,86,185,12,16,2025,39.8,66.7,694,52,100.3,3,73.2,10.3,53.5,44.7,208,2,14.4,4.9,LAC,0,90.5,6,TE,38.8,53,23,421,465,13.3,Oronde Gadsden II,49.7,27,8,233,9.2,-0.03,3,144046,3
71,74.2,63.6,4,62.3,2023,HST,1.05,400,0,22,19,1,12,19,2023,0.2,25,493,41,63.9,5,57.7,4.7,75,21.4,109,3,78.4,1,HST,1,92.4,2,WR,78.8,33,5,471,510,12,Xavier Hutchinson,46.2,13,3,164,10.8,0.01,3,122518,3
70,,52.5,2.3,52.4,2020,ATL,0.97,305,2,25,01,0,10,15,2020,0,20,443,32,71.3,0,45.7,15.8,33.8,37.2,181,0,62.8,0,ATL,0,94.4,6,WR,20.8,49,0,459,486,13.8,Darnell Mooney,43.8,2,2,73,14.4,-0.08,2,48236,1
68,72.2,90.7,4.5,91,2017,SF,2.11,24,0,38,85,210,14,12,2017,61.9,78.6,634,58,139.8,0,85.3,3.3,82.4,28.3,96,1,7.1,8.8,SF,1,88.5,2,TE,80.3,33,30,300,339,10.9,George Kittle,49.2,28,11,261,7.1,0.09,5,11901,7
68,34.1,70.4,8.4,66.7,2025,LV,0.96,19,1,13,02,1,4,17,2025,0.2,0,346,55,100.1,2,80.9,6.8,67.1,2.8,13,2,4.1,18.9,LV,1,77,4,HB,66.8,60,88,359,466,6.3,Ashton Jeanty,42.3,23,0,461,-1.6,-0.19,23,157196,5
68,53.8,68.4,7.8,69.3,2025,DEN,1.39,33,0,21,12,3,1,19,2025,0.8,0,424,56,117.2,0,82.4,8.2,62.2,7.2,26,1,9.2,11.1,DEN,0,84.7,5,HB,81,32,40,304,359,7.6,RJ Harvey,48,10,0,439,0.8,0.15,17,99622,5
67,76.5,55.7,3.7,56.3,2019,CHI,0.92,190,0,16,14,0,11,18,2019,0,72.7,330,41,82.3,1,61.2,12.8,35.9,50.6,195,1,49.4,1.3,CHI,0,92.7,6,WR,79,27,5,357,385,8,Olamide Zaccheaus,44.5,6,8,151,7.6,0.09,3,44920,3
65,50.2,64.4,2.1,61.6,2018,BLT,1.23,70,1,24,89,50,12,17,2018,12.8,58.3,422,48,97.1,3,73.8,5.9,72.4,69.2,270,7,17.9,4.9,BLT,1,88.2,3,TE,44.6,27,19,344,390,8.8,Mark Andrews,46.3,3,7,103,8,-0.02,3,47436,5
65,,67.5,5.9,67.6,2023,DEN,1.4,236,0,21,19,0,4,17,2023,0,75,477,49,99.3,1,75.4,2,86.2,30,107,0,66.1,0,DEN,0,95.2,1,WR,75.1,52,0,340,357,9.7,Marvin Mims Jr.,43.8,10,3,289,9.5,0.07,4,122937,2
65,74.5,71.2,2.2,71.7,2023,NE,1.45,471,0,33,09,1,14,18,2023,0.2,50,719,42,125.1,2,64.6,2.3,83.9,9.8,51,3,90.1,0.4,NE,0,95,1,WR,78.5,42,2,497,523,17.1,Kayshon Boutte,50.4,19,7,93,17.6,0.14,3,124087,7
64,,62.1,4.6,61.4,2018,HST,1.16,97,0,20,13,0,11,15,2018,0,27.3,403,38,60.9,5,59.4,9.5,57.2,73.2,271,2,26.2,0,HST,2,93.8,4,WR,77.9,47,0,347,370,10.6,Christian Kirk,42.9,13,3,174,8,-0.04,3,47546,3
64,60.9,65.6,2.8,64,2024,BUF,1.26,314,1,26,00,3,14,15,2024,0.8,35.7,450,40,96.5,2,62.5,11.1,51.5,16.1,61,3,83.1,0.3,BUF,1,94.2,5,WR,33.6,37,1,356,378,11.3,Keon Coleman,54.6,4,5,110,12.6,0.27,2,144949,5
64,55.4,61.2,4.4,62.6,2019,MIN,1.05,80,0,22,87,207,5,15,2019,43.1,60,438,51,110.8,0,79.7,7.3,64.8,39.8,191,4,16.7,7.3,MIN,0,87.1,4,TE,79.5,29,35,418,480,8.6,T.J. Hockenson,42.9,18,3,224,5.2,-0.17,5,40912,3
63,,52,2.2,54,2024,CAR,0.88,283,1,18,17,0,14,16,2024,0,42.9,371,36,70.3,3,57.1,2.7,80.4,37.4,169,9,62.6,0,CAR,2,93.8,1,WR,29.5,36,0,424,452,10.3,Xavier Legette,44.6,5,6,78,11,-0.08,6,99197,3
63,60.5,76.1,5.5,75.6,2023,JAX,1.58,59,0,28,85,188,10,13,2023,47.6,60,549,48,117.8,0,76.2,5.9,71.8,36.7,145,5,14.9,7.8,JAX,0,87.8,3,TE,79.5,30,31,347,395,11.4,Brenton Strange,48.4,15,6,265,7,0.16,10,101694,3
62,65.5,82.7,3.9,83.9,2022,GB,2.28,191,1,30,09,14,23,11,2022,4.7,47.8,647,38,120.8,2,61.3,2.6,81.9,31,92,1,64.3,0.3,GB,0,95.6,1,WR,29.6,52,1,284,297,17,Christian Watson,56.1,12,11,147,17.4,0.35,0,66581,7
62,35.7,59.6,3.1,60,2025,NYJ,1.05,84,0,23,85,196,14,13,2025,46.7,78.6,369,44,84.7,1,71,10.2,53.9,31.7,133,5,20,11,NYJ,3,84,5,TE,78.6,27,46,353,420,8.4,Mason Taylor,41.6,22,11,136,5.8,-0.18,0,157122,1
62,,60.9,5.7,62.9,2024,MIA,0.86,182,0,16,06,2,9,17,2024,0.5,55.6,317,46,87.9,2,74.2,2.1,86.3,48.2,185,2,47.4,0,MIA,0,95.8,1,WR,72.4,28,0,368,384,6.9,Malik Washington,43.8,17,5,262,5.4,-0.05,13,97108,3
60,25.1,86.7,6.1,86.1,2023,BUF,2.7,60,1,33,86,64,14,14,2023,23.5,57.1,682,48,152.9,0,80,4,70.9,53.7,146,2,22.1,1.1,BUF,0,93,2,TE,35.3,47,3,253,272,14.2,Dalton Kincaid,51.2,4,8,294,9.4,0.27,1,91791,7
60,65.9,58,5.1,59.3,2019,NYG,1.24,389,1,23,18,0,11,14,2019,0,27.3,538,37,96.4,0,61.7,14,43.1,16.5,77,4,83.5,0.2,NYG,0,92.9,6,WR,29.7,52,1,433,466,14.5,Darius Slayton,44.9,21,3,190,13.8,0,6,25578,1
59,,69.8,1.1,71.2,2014,TB,1.62,187,0,23,13,0,25,8,2014,0,48,368,30,73.3,2,50.8,11.8,50.9,25.8,65,3,74.2,0,TB,0,90.1,4,WR,76.8,45,0,227,252,12.3,Mike Evans,48.5,30,12,33,14.4,0.12,1,8642,3
59,,86.5,2.6,87,2019,WAS,2.22,245,0,33,17,0,15,10,2019,0,53.3,582,38,106.7,1,64.4,2.6,81.9,13.7,39,2,86.3,0,WAS,0,92.3,1,WR,77.9,56,0,262,284,15.3,Terry McLaurin,45,32,8,99,14.1,-0.05,3,48229,3
58,,54.6,3.9,55.4,2022,PIT,1.15,175,0,16,19,2,11,15,2022,0.6,45.5,380,34,73.9,3,58.6,8.1,61.2,49.3,173,2,49.9,0,PIT,0,94,3,WR,83.5,31,0,330,351,11.2,Calvin Austin III,42.1,25,5,132,11.1,-0.09,3,61418,3
57,51.8,46.8,4.6,49.4,2017,PIT,0.69,54,1,10,81,145,7,18,2017,40.3,42.9,221,40,88.4,0,70.2,4.8,73.9,43.1,155,6,15,5.6,PIT,1,88.3,2,TE,36.7,21,20,318,360,5.5,Jonnu Smith,41.2,25,3,185,4.5,-0.17,7,11855,2
56,74.8,53.7,3.1,53.8,2023,CIN,0.79,242,0,24,80,1,15,17,2023,0.2,20,435,33,88,1,58.9,13.2,44.3,58.2,340,1,41.4,0.5,CIN,0,94.5,5,WR,77.9,37,3,552,584,13.2,Andrei Iosivas,44.7,7,3,103,9.9,-0.02,2,109811,2
56,62.7,67.7,5,68.4,2019,BUF,1.35,52,0,26,88,194,11,19,2019,49.5,45.5,479,42,109.2,2,75,8.7,59.9,33.7,132,2,13.3,4.3,BUF,0,90.6,4,TE,78.4,32,17,355,392,11.4,Dawson Knox,50.3,4,5,208,7.5,0.18,2,35883,4
56,78.1,67.5,6.2,68.5,2021,PIT,1.41,59,0,22,88,96,9,18,2021,24.3,55.6,504,42,111,2,75,2.3,75.5,60.8,240,3,14.9,3.3,PIT,0,90.4,1,TE,78.4,68,13,357,395,12,Pat Freiermuth,40,25,5,260,7.3,-0.11,5,84085,4
55,,77.4,7.2,78.6,2023,NE,1.82,51,0,20,03,0,7,21,2023,0,57.1,531,39,125.6,0,70.9,4.9,75.3,81.7,254,0,16.4,0,NE,0,93.6,2,WR,79.8,58,0,291,311,13.6,Demario Douglas,51.2,19,4,281,9.7,0.15,7,104155,4
54,,72.5,2.7,72.1,2022,NYJ,1.76,148,1,18,05,0,12,7,2022,0,41.7,395,36,97.4,2,66.7,7.7,64.8,38.8,94,2,61.2,0,NYJ,1,93,3,WR,29.3,33,0,225,242,11,Garrett Wilson,43.1,22,5,98,9.8,-0.14,9,97405,4
54,58.6,78.1,9.5,52.9,2020,IND,0.92,27,1,15,28,0,4,17,2020,0,25,378,46,108.2,0,85.2,8,63,6,31,1,5.2,15.4,IND,0,79.2,4,HB,80.6,43,80,412,520,8.2,Jonathan Taylor,49.9,14,1,436,-0.7,0.07,9,57488,2
54,78.1,61.6,3.8,62.8,2016,TB,1.05,195,1,18,17,0,11,13,2016,0,45.5,371,39,97.1,0,72.2,2.5,82.2,49,187,2,51,0.8,TB,0,92.1,1,WR,32,36,3,352,382,9.5,Sterling Shepard,41.8,30,5,149,9.1,-0.15,5,10674,1
54,73.1,75.4,3.5,75.3,2024,CAR,1.61,150,1,27,18,3,11,12,2024,0.9,81.8,528,42,116.7,2,77.8,2.3,83.6,55.3,193,1,43,0.9,CAR,0,93.7,1,WR,78.4,52,3,327,349,12.6,Jalen Coker,44.5,5,9,149,10,-0.02,2,143068,4
54,55.7,66.5,3.7,69.3,2025,TEN,1.45,27,0,17,84,168,14,16,2025,56.4,64.3,357,44,106.6,0,81.5,6.4,68.2,34.2,102,3,9.1,15.1,TEN,1,82.6,3,TE,78.5,34,45,246,298,8.1,Gunnar Helm,39.2,31,9,164,5.7,-0.19,4,144726,2
53,56.4,77.9,4.5,75.6,2022,SF,1.34,24,1,26,88,198,9,15,2022,63.5,22.2,366,40,117.3,1,75.5,2.4,74.4,27.2,85,1,7.7,7.4,SF,0,87.8,1,TE,29.7,23,23,274,312,9.2,Jake Tonges,51.9,28,2,178,7.4,0.12,2,60864,5
53,,80.3,5,78.8,2024,DAL,1.74,187,0,29,19,0,10,15,2024,0,40,475,40,111.8,2,75.5,2.4,83,35.6,104,1,64,0,DAL,1,93.5,1,WR,79.1,46,0,273,292,11.9,Ryan Flournoy,50.9,9,4,201,9.8,0.09,7,159617,4
53,64.7,85.2,4.4,64.4,2022,LA,0.87,5,0,17,23,0,7,20,2022,0,71.4,351,44,125.7,0,83,4.3,76.8,6.4,36,1,0.9,25.3,LA,1,71.5,2,HB,79.9,30,142,402,562,8,Kyren Williams,52.2,26,5,193,3.2,0.22,4,97118,5
53,,71.6,2.2,73.2,2024,SF,1.68,259,0,27,01,0,11,10,2024,0,81.8,528,36,68.8,4,67.9,2.7,80.4,21.8,72,1,78.2,0,SF,0,94.9,1,WR,77.9,45,0,314,331,14.7,Ricky Pearsall,49.4,28,9,78,14,0.1,0,100660,0
53,,62.5,4.5,64.1,2017,SF,1.4,298,0,27,84,0,13,18,2017,0,46.2,551,37,87.9,2,69.8,15.9,31.7,27.1,111,3,72.9,0,SF,1,96.3,7,WR,77.6,56,0,394,409,14.9,Kendrick Bourne,48.7,28,6,167,11.3,0.03,5,12270,0
52,,52.1,2.6,52.8,2015,LV,0.78,112,0,14,17,1,10,17,2015,0.3,30,291,32,75.1,1,61.5,11.1,52.1,71.5,283,1,28.3,0,LV,0,94.4,4,WR,77,33,0,374,396,9.1,Tyler Lockett,38.2,23,3,84,7.3,-0.33,2,9502,1
52,44.4,67.9,8.2,46.8,2018,PHI,0.85,42,1,12,26,2,1,17,2018,0.4,0,298,40,102.9,0,76.9,9.1,58.3,7,33,2,8.9,22.4,PHI,1,74.1,4,HB,88.2,47,106,351,474,7.5,Saquon Barkley,45.9,24,0,328,0.5,0.07,11,45791,2
52,69.9,77.2,9.3,70.3,2021,NE,1.37,21,1,17,38,1,2,18,2021,0.2,50,471,44,123.6,0,84.6,2.2,84.7,0.6,3,1,4.4,23.4,NE,1,72,1,HB,55.2,55,112,344,478,10.7,Rhamondre Stevenson,49.3,19,1,411,3.2,0.16,10,98689,3
52,68,74.2,9.3,62.1,2021,JAX,1.17,12,1,17,01,0,2,18,2021,0,0,341,41,133.6,0,78.8,8.9,60.4,10.7,42,0,3.1,21.2,JAX,0,74.4,4,HB,76.5,45,83,291,391,8.3,Travis Etienne Jr.,45.7,15,0,383,-1.1,0,13,57185,7
51,64.9,63.6,4.7,66.6,2025,DEN,1.3,133,0,25,13,3,15,17,2025,0.9,60,412,35,75,3,68.6,7.9,63.9,58.7,196,5,39.8,0.3,DEN,1,95.2,3,WR,77.8,48,1,318,334,11.8,Pat Bryant,43.6,10,9,165,9.6,0.03,8,144800,1
51,,59.1,2.9,60.5,2020,TEN,0.93,342,0,17,11,0,11,16,2020,0,54.5,350,29,84.6,0,56.9,0,88,14.3,57,1,85.7,0,TEN,0,94,0,WR,76.6,43,0,375,399,12.1,Van Jefferson,40.5,31,6,83,12.6,-0.19,0,47447,1
50,49.2,75.3,8.3,90.2,2023,TEN,1.23,7,0,10,02,6,1,13,2023,2.1,100,264,45,80.3,1,90,2.2,84.8,8.7,25,2,2.4,21.3,TEN,1,74.9,1,HB,87.3,34,61,215,287,5.9,Tyjae Spears,36.2,31,1,374,-2.7,-0.2,26,97195,0
50,70.2,62.9,4.8,61.1,2020,CHI,0.96,93,0,19,85,282,6,18,2020,56.6,16.7,378,33,91.9,2,66,5.7,70.9,20.1,100,3,18.7,16.1,CHI,0,78.7,2,TE,77.6,31,80,392,498,11.5,Cole Kmet,48.5,6,1,159,9.2,0.09,2,60995,3
49,66.4,66.3,3.9,67.1,2022,MIN,1.06,178,0,23,01,1,12,17,2022,0.2,75,444,29,76.8,5,59.2,3.3,78.4,60.1,271,3,39.5,1.1,MIN,0,92.9,1,WR,77.8,62,5,419,451,15.3,Jalen Nailor,41.7,18,9,114,13.1,-0.18,3,84292,4
49,77.5,68.9,6.2,68.8,2017,TB,1.36,135,0,21,14,0,13,9,2017,0,46.2,360,33,93.9,1,67.3,5.7,70.8,54.1,159,0,45.9,1.4,TB,0,90.1,2,WR,77.3,59,4,265,294,10.9,Chris Godwin,45,30,6,206,7.8,0.02,10,11839,2
48,68.1,57.6,4.4,58.7,2022,NYJ,1.07,164,0,15,03,0,8,15,2022,0,37.5,274,33,79.7,2,68.8,10.8,51.6,37.1,98,1,62.1,0.4,NYJ,0,97,4,WR,79.9,22,1,256,264,8.3,John Metchie III,38.5,22,3,144,5.5,-0.24,1,97400,2
48,24.6,63.5,9,55.2,2020,CAR,1.13,39,1,14,05,0,0,18,2020,0,,303,40,91.2,1,83.3,4.8,74.3,5.9,20,3,11.4,15.2,CAR,0,78.6,2,HB,74.2,36,52,268,341,7.6,Rico Dowdle,43.2,5,0,361,-1,-0.2,7,40693,1
47,54.9,64.6,5.7,69.8,2023,LV,1.48,24,1,18,87,181,6,13,2023,64.9,16.7,328,35,73.7,3,74.5,5.4,71.4,23.3,65,2,8.6,14.7,LV,0,79.6,2,TE,28.9,23,41,222,279,9.4,Michael Mayer,38.5,23,1,200,4.8,-0.3,5,122906,1
47,52.6,83,11.2,64.9,2020,CHI,0.98,28,0,14,04,19,1,18,2020,4.4,0,337,36,102.9,0,76.6,7.7,65.7,3.7,16,3,6.5,15.9,CHI,1,80.4,3,HB,74.3,55,68,344,428,9.4,D'Andre Swift,48.6,6,0,402,-0.8,0.12,4,57212,1
47,27.8,68,7.1,58.3,2025,NE,0.92,24,0,8,32,1,1,21,2025,0.3,0,254,40,96.3,0,85.1,4.8,73.7,3.3,11,3,7.1,14.2,NE,1,81.9,2,HB,83.4,24,48,276,337,6.4,TreVeyon Henderson,53.6,19,0,285,0.1,0.15,11,145059,1
46,47.7,55.9,5,61.6,2017,CLV,1.06,48,0,11,85,186,12,12,2017,55.7,75,293,33,99.3,2,71.7,5.7,70.8,28.7,96,0,14.4,11.4,CLV,0,82.9,2,TE,28.6,23,38,277,334,8.9,David Njoku,34.3,8,9,166,5.9,-0.35,3,11784,4
46,,57.4,1.9,57.2,2014,BUF,0.89,261,0,18,18,0,17,17,2014,0,64.7,357,29,77.9,1,63,6.5,66.6,37.5,158,1,62,0,BUF,0,95.5,2,WR,76.3,50,0,402,421,12.3,Brandin Cooks,46.5,4,11,55,16.9,0,1,8655,0
46,66.4,70.5,4.4,72.7,2025,GB,1.53,175,0,20,00,6,6,15,2025,1.9,66.7,445,33,100.4,1,71.7,2.9,78.9,41.6,129,0,56.5,0.3,GB,0,93.9,1,WR,81.6,46,1,291,310,13.5,Matthew Golden,50,12,4,146,13.2,0.17,6,156165,1
46,67.7,63.3,4.7,66.6,2025,LAC,1.08,205,0,20,09,4,8,18,2025,1.2,75,344,32,89.4,1,69.6,3,78.4,35.7,117,2,62.5,0.6,LAC,0,97.3,1,WR,77.3,37,2,319,328,10.8,Tre Harris,49.8,27,6,151,9.7,-0.04,5,122676,1
46,66.5,75.3,5.8,45.7,2021,DAL,0.4,12,1,7,33,1,7,16,2021,0.2,0,137,35,92.5,0,76.1,2.8,80.5,3.9,19,1,2.4,25.3,DAL,0,69.9,1,HB,73.9,14,124,343,491,3.9,Javonte Williams,49.6,9,0,203,-1.1,0.11,7,77803,2
45,43.9,85.8,8.5,89.5,2019,GB,1.22,15,0,8,08,9,2,16,2019,2.9,100,285,37,100.5,0,82.2,0,90,2.6,8,1,4.8,21.3,GB,0,75.2,0,HB,63.6,31,66,233,310,7.7,Josh Jacobs,53.9,12,2,316,-0.8,0.32,8,45953,1
45,36,91.4,11.1,71.4,2022,SEA,1.64,17,1,19,09,3,1,20,2022,1,0,386,40,102.4,0,88.9,7,66.3,12,36,1,5.7,17.1,SEA,0,78.9,3,HB,87.5,46,51,236,299,9.7,Kenneth Walker III,52.3,29,0,442,-1,0.12,12,97199,0
45,60.6,82,6.8,83.2,2023,DET,2,52,0,23,87,115,7,9,2023,40.1,100,489,40,134.2,0,88.9,0,90.1,40.4,116,1,18.1,11.5,DET,0,85,0,TE,78.3,40,33,244,287,12.2,Sam LaPorta,52.7,11,7,273,5.7,0.22,8,101690,3
44,79.4,70.2,2.3,71.2,2023,GB,1.39,121,0,21,13,9,11,14,2023,3.6,63.6,332,30,86.6,2,68.2,9.1,58.8,48.6,123,1,47.8,1.6,GB,1,94.1,3,WR,77,30,4,238,253,11.1,Dontayvion Wicks,49.2,12,7,68,11.6,0.07,3,99711,2
44,41.9,80.4,8.1,59.2,2022,BUF,1.08,2,0,12,04,3,1,18,2022,0.9,0,320,37,112.1,0,84.1,7.5,64.3,3,10,1,0.6,7.4,BUF,0,88.4,3,HB,35.2,51,25,297,336,8.6,James Cook,50.9,4,0,300,1,0.15,8,83666,2
43,45.5,69.5,9.1,66,2024,NYG,1.06,29,1,14,29,0,3,15,2024,0,33.3,288,36,110.1,0,83.7,5.3,72.6,5.5,19,2,8.4,17.7,NYG,0,78.6,2,HB,79.7,42,61,271,345,8,Tyrone Tracy,43.7,21,1,327,0.5,0.05,10,84226,2
43,72,81,10.7,83.6,2022,PIT,1.51,6,0,13,30,13,0,17,2022,4.8,,337,41,114.8,0,95.3,2.4,83,3,8,0,2.2,14.4,PIT,0,82.3,1,HB,84.1,65,39,223,271,8.2,Jaylen Warren,46.5,25,0,440,-2.5,0.03,24,98692,2
43,,62.2,5,62.7,2025,JAX,1.32,80,1,12,12,0,8,7,2025,0,50,298,28,73.6,2,65.1,6.7,66.8,64.7,154,3,33.6,0,JAX,0,94.5,2,WR,27.3,44,0,225,238,10.6,Travis Hunter,41.3,15,4,141,8.1,-0.09,9,160766,1
43,68.4,71,7.4,65.1,2023,PIT,1.72,41,2,16,80,191,6,16,2023,68.5,50,364,31,95.5,1,72.1,11.4,50.8,16.8,47,1,14.7,19.7,PIT,0,76,4,TE,20.8,36,55,212,279,11.7,Darnell Washington,49.4,25,3,228,5.3,0.04,12,124044,1
42,58.2,80.9,8.2,67.1,2022,TB,0.72,24,0,10,01,0,0,17,2022,0,,218,40,88.3,0,95.2,0,90.2,7.4,30,0,5.9,19.6,TB,0,74.3,0,HB,90.2,18,80,303,408,5.5,Rachaad White,41.5,30,0,329,-2.1,-0.22,12,131633,0
42,,57.1,4.7,57.3,2025,CLV,0.98,199,0,12,16,0,12,16,2025,0,50,338,18,61.4,1,42.9,5.3,69.9,45.5,167,1,54.2,0,CLV,1,93.7,1,WR,77.5,52,0,344,367,18.8,Isaiah Bond,32,8,6,84,17,-0.31,1,163586,0
42,72.8,56.7,5.9,60.5,2017,KC,0.89,226,0,19,09,4,6,17,2017,1,50,345,33,89,2,78.6,2.9,70.3,44.3,183,4,54.7,0.7,KC,1,93.7,1,WR,77.1,30,3,387,413,10.5,JuJu Smith-Schuster,47.2,16,3,194,5.2,0.01,7,11817,1
42,62.4,63.5,3.8,64.3,2025,TB,1.08,189,0,16,15,0,6,16,2025,0,66.7,322,28,129.2,0,66.7,3.4,65.8,39.6,126,1,59.4,0.3,TB,0,93.4,1,WR,77.5,45,1,297,318,11.5,Tez Johnson,44.3,30,4,107,12.2,-0.09,6,123709,5
42,26,70.8,2.4,71.7,2018,CIN,1.22,51,0,19,88,7,11,13,2018,2.6,54.5,307,28,74.2,3,66.7,0,87.6,78.4,210,1,19,0.4,CIN,0,93.7,0,TE,76.5,37,1,251,268,11,Mike Gesicki,46,7,6,68,10.5,-0.05,0,47153,2
42,69.2,71.4,7.8,67.6,2021,ARZ,1.13,13,0,12,22,2,3,13,2021,0.7,33.3,267,33,93.2,0,78.6,5.7,69.5,3.1,9,0,4.4,16,ARZ,0,80.6,2,HB,88.5,18,47,237,294,8.1,Michael Carter,43.4,1,1,259,1.9,-0.06,17,57337,0
40,53.5,78.1,10.8,82.9,2023,GB,2.33,31,0,22,85,150,2,8,2023,58.8,50,489,32,157.2,0,80,8.6,51.7,29,74,1,12.2,12.9,GB,0,82.4,3,TE,77.2,59,33,210,255,15.3,Tucker Kraft,51.7,12,1,347,4.8,0.23,6,104034,6
40,45.8,83.5,9,75.2,2022,NYJ,1.37,12,0,13,20,0,1,16,2022,0,0,350,36,111.5,0,90,2.7,72.2,3.7,13,1,3.4,22.9,NYJ,0,73.4,1,HB,73.3,42,80,256,349,9.7,Breece Hall,41.1,22,0,325,1,-0.21,5,97636,1
40,48.9,67.5,9.3,59.1,2025,HST,0.8,21,0,8,27,2,5,18,2025,0.5,0,227,26,104.9,0,65,3.7,75.5,2,8,0,5.2,25.1,HST,0,70,1,HB,71.8,50,102,284,406,8.7,Woody Marks,41.6,13,0,242,2.3,-0.05,7,124179,3
40,67.4,68.4,5.9,67.1,2016,LA,1.62,40,0,20,89,147,7,13,2016,57.9,42.9,365,29,125.5,0,72.5,9.4,57,25.6,65,3,15.7,7.9,LA,0,88.6,3,TE,76.3,36,20,225,254,12.6,Tyler Higbee,53.1,26,3,172,6.8,0.3,0,10744,3
39,,55.8,2.9,57.4,2023,CLV,0.85,228,0,13,19,0,6,13,2023,0,50,270,21,71.5,2,53.8,4.5,72.1,31.9,107,2,68.1,0,CLV,0,94.3,1,WR,74.9,42,0,316,335,12.9,Cedric Tillman,34.8,8,3,61,11.9,-0.29,0,84434,2
39,48.4,69.9,9.8,60,2021,CAR,1,42,0,13,30,0,1,16,2021,0,100,236,32,117.5,0,82.1,11.1,51.6,2.9,9,0,13.6,18.5,CAR,0,76.9,4,HB,77.4,35,57,237,308,7.4,Chuba Hubbard,47.6,5,1,314,-1.5,-0.02,7,57373,3
39,58,67,6.4,51.8,2019,TEN,0.68,11,1,11,20,2,2,17,2019,0.5,100,206,33,78,1,84.6,8.3,63.6,4.3,17,2,2.8,18.6,TEN,1,77.4,3,HB,51.2,29,73,304,393,6.2,Tony Pollard,37,31,2,211,-0.1,-0.28,5,27126,0
39,23.4,51.7,6.1,39.5,2017,NO,0.78,16,2,7,41,0,1,11,2017,0,0,186,33,86.5,0,84.6,8.3,61.2,7.7,23,0,5.3,16,NO,0,80,3,HB,41.1,26,48,240,300,5.6,Alvin Kamara,42.8,20,0,201,0.8,-0.18,4,11822,0
39,,68.1,3.2,67.1,2016,SF,1.26,202,0,20,05,0,9,16,2016,0,77.8,388,29,122.6,0,74.4,6.5,67.3,37.5,121,0,62.5,0,SF,0,95.4,2,WR,76.7,61,0,308,323,13.4,Demarcus Robinson,49.7,28,7,92,13.4,0.14,3,10760,2
39,61.6,62.5,6.1,55,2021,CAR,0.88,36,0,11,82,184,1,18,2021,50.5,100,271,30,112.2,0,76.9,6.3,68.8,36.5,133,3,9.9,9.6,CAR,0,84.6,2,TE,76.8,54,35,308,364,9,Tommy Tremble,44,5,1,183,4.1,-0.13,4,84025,2
38,32,56.4,5.2,56.6,2019,CIN,1.35,21,3,13,86,155,4,15,2019,66.2,75,288,34,124.6,0,89.5,2.9,79.4,23.5,55,3,9,3.4,CIN,0,91.5,1,TE,17.1,25,8,214,234,8.5,Noah Fant,40.7,7,3,177,3.7,-0.32,2,42388,3
38,,81.3,3,82.3,2013,BLT,1.63,157,0,15,10,0,17,17,2013,0,64.7,330,22,93.1,1,57.9,4.3,73.5,27.3,59,0,72.7,0,BLT,0,93.5,1,WR,75.3,41,0,202,216,15,DeAndre Hopkins,42.6,3,11,67,14.5,-0.18,0,7808,2
37,,58.4,2.5,61.5,2021,BUF,1.28,199,0,13,05,3,7,12,2021,1.2,57.1,303,22,63.2,2,59.5,4.3,72.3,21.1,54,5,77.7,0,BUF,1,92.6,1,WR,74.9,45,0,237,256,13.8,Joshua Palmer,49.8,4,4,54,11.1,0.22,0,62979,0
37,35.6,65,7.9,46.1,2017,MIN,1.07,11,2,9,33,5,2,12,2017,2.2,50,199,28,96.6,0,75.7,9.7,58,1.3,3,0,4.8,13,MIN,0,80.9,3,HB,56.7,27,30,186,230,7.1,Aaron Jones,40.4,18,1,222,-0.1,-0.37,3,11937,1
37,,55.5,1.8,58,2021,JAX,1.11,162,0,13,05,0,8,13,2021,0,50,227,20,70.4,1,54.1,16.7,29.4,26,57,2,74,0,JAX,0,93.6,4,WR,27.9,39,0,205,219,11.4,Dyami Brown,42.4,15,4,36,14.4,-0.13,3,77986,1
37,67.1,61.6,8.2,64.7,2022,DAL,1.65,68,0,16,09,0,2,15,2019,0,50,396,26,112,1,70.3,13.3,45.4,72.7,194,1,25.5,0.4,DAL,1,89.9,4,WR,74.7,86,1,240,267,15.2,KaVontae Turpin,51.9,9,1,212,9.2,0.2,6,47658,2
36,,66.2,3.3,68.4,2022,KC,1.7,172,0,15,80,0,10,14,2022,0,40,438,19,124.5,0,52.8,0,83.2,37.5,103,1,62.5,0,KC,0,93.8,0,WR,81,61,0,258,275,23.1,Tyquan Thornton,48.1,16,4,62,27.8,0.13,0,78092,3
36,72.3,72.7,1.3,74.3,2024,NO,1.21,146,0,19,14,9,11,13,2024,3.4,81.8,293,25,112.4,0,69.4,0,86.5,41.6,111,1,54.7,1.9,NO,0,90.6,0,WR,75.9,17,5,242,267,11.7,Devaughn Vele,44.1,20,9,32,12.6,-0.04,0,100637,2
36,41,61.5,7,62.7,2023,ARZ,1,33,1,15,84,147,6,17,2023,45.2,33.3,301,30,89.9,1,83.3,0,88,41.5,135,4,10.2,2.5,ARZ,1,92.3,0,TE,27.5,27,8,300,325,10,Elijah Higgins,48.1,1,2,211,4.1,0.08,14,98027,0
35,,68.2,3.8,69,2025,HST,1.4,74,0,13,14,0,2,19,2025,0,50,292,26,105.9,1,74.3,3.7,74.9,65.6,145,0,33.5,0,HST,0,94.6,1,WR,90.7,44,0,209,221,11.2,Jaylin Noel,44.5,13,1,100,9.9,0.06,0,125155,2
35,23,65.8,9.8,80.6,2025,CLV,1.86,18,1,8,22,12,0,15,2025,6.9,,271,33,118,0,94.3,2.9,78.9,9.8,17,1,10.4,10.4,CLV,1,84.4,1,HB,65.3,66,18,146,173,8.2,Dylan Sampson,37.5,8,0,324,-1.3,-0.29,8,163772,2
35,,55.5,2.2,54.6,2021,BLT,0.7,296,0,12,07,0,5,13,2021,0,40,224,19,81.1,1,54.3,13.6,46.6,11.3,38,2,88.4,0,BLT,0,95.2,3,WR,74.4,36,0,319,335,11.8,Rashod Bateman,49.2,3,2,42,12.7,0.02,2,84296,2
35,,67.8,5.1,66.7,2018,TEN,1.89,129,0,13,00,0,7,7,2018,0,14.3,303,17,66.7,1,48.6,15,41.9,24.6,42,1,75.4,0,TEN,0,93.6,3,WR,73.6,47,0,160,171,17.8,Calvin Ridley,35,31,1,86,13.5,-0.24,2,48262,0
35,70.6,53,3.3,52.8,2019,ATL,0.57,206,0,9,87,1,4,17,2019,0.3,50,191,18,74.8,1,51.4,14.3,43.5,41.2,146,2,58.2,1.4,ATL,0,94.4,3,WR,73.9,21,5,334,354,10.6,David Sills V,43.9,2,2,59,11.1,-0.1,3,34579,2
34,52.8,54.1,2.8,53,2022,PHI,0.6,270,0,10,02,1,6,18,2022,0.2,50,262,18,51.3,3,52.9,0,83.2,41.3,191,1,58.4,0.2,PHI,0,94.6,0,WR,81.7,51,1,437,462,14.6,Jahan Dotson,45,24,3,50,15.8,0.02,0,84375,1
34,16.3,77.3,7.8,67.7,2025,LAC,1.04,8,1,7,08,3,4,10,2025,1.3,75,192,32,100,0,94.1,0,88.7,4.7,11,0,3.4,17.4,LAC,0,78.4,0,HB,74.3,22,41,185,236,6,Omarion Hampton,48,27,3,248,-1.6,0.07,3,162750,1
34,46.1,56.4,4.5,57,2022,BLT,1.29,30,2,11,80,39,3,14,2022,14.5,66.7,307,27,114.1,0,79.4,3.6,75.5,73.2,197,5,11.2,5.6,BLT,0,88.5,1,TE,18.6,43,15,238,269,11.4,Isaiah Likely,42.7,3,2,122,7.9,-0.23,3,83955,1
34,29.2,67.4,10,44.4,2025,CHI,0.87,14,0,10,25,20,2,19,2025,6.2,0,222,23,73.4,1,67.6,14.8,41.6,1.2,4,1,4.3,16.1,CHI,1,79.3,4,HB,90.7,34,52,256,323,9.7,Kyle Monangai,42.4,6,0,229,0.2,-0.02,8,129891,0
34,62.4,82.8,2.9,87.6,2015,MIA,1.75,65,0,19,83,36,8,9,2015,21.1,62.5,283,24,135.2,0,70.6,0,85.7,40.9,70,1,38,0.6,MIA,0,94.7,0,TE,76.3,34,1,162,171,11.8,Darren Waller,46.6,17,5,69,11.9,0.13,0,9637,6
34,65.8,65.3,4.4,67.3,2016,NE,1.18,42,0,16,81,206,6,20,2016,70.5,66.7,287,24,103.4,1,70.6,0,85.3,14.4,42,2,14.4,13,NE,0,83.6,0,TE,75.8,31,38,244,292,12,Austin Hooper,49.1,19,4,105,9.3,0.07,0,10715,2
34,62.4,61.4,4.7,61.6,2024,NYJ,0.9,72,0,10,18,0,2,11,2024,0,50,193,26,89.5,0,76.5,3.7,74.9,66.8,147,1,32.7,0.5,NYJ,0,97.3,1,WR,67.6,25,1,214,220,7.4,Isaiah Williams,34.3,22,1,122,3.1,-0.4,2,97156,0
34,62.3,54.1,2.6,57.3,2013,PIT,0.81,124,0,12,16,1,10,17,2013,0.4,50,211,21,79.4,0,61.8,12.5,49.3,54.7,152,2,44.6,0.4,PIT,1,94.2,3,WR,74.9,28,1,262,278,10,Adam Thielen,44.1,25,5,55,8.9,-0.09,2,8288,0
33,72.6,57.7,5.3,52.4,2021,KC,0.7,49,0,9,83,173,3,16,2021,53.7,100,178,21,77.6,0,63.6,8.7,61.3,29.2,94,1,15.2,14.6,KC,0,78.6,2,TE,75.1,28,47,253,322,8.5,Noah Gray,48.7,16,3,111,6.2,0.02,1,60878,0
33,84.3,64.7,5.2,66.2,2013,SF,1.13,33,0,13,44,97,4,19,2013,35.4,75,273,29,121.3,0,87.9,0,87.3,32.1,88,1,12,7.7,SF,0,88.3,0,FB,77.5,27,21,242,274,9.4,Kyle Juszczyk,57.9,28,3,150,4.3,0.14,2,7912,2
33,73.2,67.3,9.4,76.4,2025,KC,1.59,21,0,7,24,1,0,17,2025,0.9,,172,25,97,0,75.8,7.4,63.4,22.8,26,0,18.4,1.8,KC,0,94.7,2,HB,87.5,17,2,108,114,6.9,Brashard Smith,49.1,16,0,236,-1.4,-0.08,7,143951,1
33,,62.3,6.9,61.4,2019,ARZ,0.96,56,0,10,04,0,4,12,2019,0,50,206,29,123,0,87.9,6.5,68.1,71.7,162,1,24.8,0,ARZ,0,95.1,2,WR,63.6,39,0,215,226,7.1,Greg Dortch,42.8,1,2,199,1.7,-0.05,12,42237,3
33,75.2,51.6,2.9,50.2,2024,CAR,0.83,43,0,8,00,62,3,12,2024,23.8,33.3,190,29,100.8,0,87.9,6.5,57,58.1,151,1,16.5,6.9,CAR,0,88.1,2,TE,76.3,18,18,229,260,6.6,Ja'Tavion Sanders,45.1,5,1,85,5.2,-0.1,5,144717,1
33,22.6,67.8,11.9,68.2,2024,TB,1.49,18,0,11,07,0,2,10,2024,0,50,277,30,131.9,0,90.9,6.3,70.5,4.6,11,0,7.6,13.9,TB,0,78.5,2,HB,78.4,72,33,186,237,9.2,Bucky Irving,50.7,30,1,358,-2.2,0.19,14,144970,3
33,70.5,61,5.8,56.9,2023,LA,0.95,65,0,12,87,168,4,20,2023,58.1,0,208,24,119.3,0,72.7,7.7,64.1,14.5,42,4,22.5,19,LA,0,75.8,2,TE,75.7,27,55,219,289,8.7,Davis Allen,58.2,26,0,139,4.6,0.31,2,99697,3
33,77.4,53.9,3.1,57.8,2023,GB,1.06,37,1,11,88,162,5,18,2023,58.9,20,261,25,98.2,0,75.8,7.4,63.2,27.6,76,1,13.5,7.3,GB,0,89.5,2,TE,25.9,26,20,246,275,10.4,Luke Musgrave,48.9,12,1,78,8.7,0.11,0,98499,0
33,19.1,66.6,7.4,64.2,2025,CLV,1.05,7,0,7,10,5,5,14,2025,2.6,60,171,26,75.6,1,78.8,3.7,76.3,2.1,4,0,3.6,12.8,CLV,0,83.6,1,HB,91,58,25,163,195,6.6,Quinshon Judkins,39.8,8,3,193,-0.7,-0.22,5,157128,0
33,,60.4,2.7,61.2,2022,DAL,0.77,155,0,12,01,0,10,13,2022,0,40,203,18,70.6,1,54.5,5.3,70.5,45.4,129,1,54.6,0,DAL,0,93,1,WR,78.1,35,0,264,284,11.3,Jalen Tolbert,49.6,9,4,49,12.4,0.17,2,61637,1
32,,49.2,2.1,51.1,2018,PIT,0.57,194,1,7,11,0,6,11,2018,0,16.7,146,17,75.8,0,53.1,5.6,67.7,27.3,73,1,72.7,0,PIT,0,96.6,1,WR,23.4,19,0,258,267,8.6,Marquez Valdes-Scantling,43.8,25,1,36,11.8,0.03,0,47809,1
31,26.4,64.9,12.9,64.5,2019,BUF,1.22,34,1,13,26,14,1,17,2019,5.3,0,263,24,123.5,0,77.4,7.7,62.3,18.3,48,0,13,11.1,BUF,0,82.4,2,HB,57.9,52,29,216,262,11,Ty Johnson,47.3,4,0,310,-1.2,0.11,9,45769,2
31,,59.5,2.4,59.7,2025,WAS,1.1,138,0,10,83,0,8,14,2025,0,37.5,225,16,48.5,2,51.6,15.8,41.9,37.8,84,3,62.2,0,WAS,2,92.3,3,WR,50.3,41,0,205,222,14.1,Jaylin Lane,44.4,32,3,39,14.9,-0.2,0,121811,0
31,76.9,65.6,3.4,61.2,2025,LA,1.23,50,0,10,18,59,8,15,2025,26.2,12.5,250,12,86.8,1,38.7,7.7,63.5,49.8,112,2,22.2,3.1,LA,0,90.2,1,TE,72.9,36,7,203,225,20.8,Terrance Ferguson,51.7,26,1,41,17.9,0.2,0,146563,3
31,57.4,66.7,8.9,60.5,2017,WAS,1.01,6,0,10,26,0,1,17,2017,0,100,196,25,79.6,1,80.6,3.8,74.2,20.1,54,5,2.2,20.8,WAS,2,72.5,1,HB,53.6,24,56,195,269,7.8,Jeremy McNichols,42,32,1,222,-0.7,-0.15,7,11917,0
31,28.3,77.4,7.5,80.6,2022,MIA,2.31,26,1,14,85,75,7,10,2022,48.1,71.4,335,26,122.4,0,83.9,0,75.5,34.6,54,0,16.7,3.2,MIA,0,92.9,0,TE,26.4,29,5,145,156,12.9,Greg Dulcich,45.3,17,5,196,5.6,0.09,4,84068,1
30,,51.7,3.8,52.7,2025,LV,0.53,184,0,7,10,0,15,14,2025,0,20,135,10,9,3,33.3,16.7,45.7,31.1,83,1,68.9,0,LV,0,94.8,2,WR,71.9,36,0,253,267,13.5,Dont'e Thornton Jr.,36.8,23,3,38,17.9,-0.3,0,146547,0
30,52.9,55.4,5.9,49.4,2022,CLV,0.61,9,0,4,34,21,3,13,2022,8.6,66.7,103,26,81,0,86.7,10.3,54.9,0.4,1,0,3.7,26.6,CLV,0,69.3,3,HB,83.8,17,65,169,244,4,Jerome Ford,28.8,8,2,153,-1.6,-0.32,3,83601,0
30,11.6,80.5,8.6,82.7,2025,NYG,1.54,8,0,11,44,0,2,8,2025,0,0,207,24,117.6,0,80,4,73.5,4.9,8,1,4.9,12.8,NYG,0,81.7,1,HB,68.9,21,21,134,164,8.6,Cam Skattebo,47.7,21,0,207,0.3,0.04,7,147787,2
30,76.6,59.2,10.7,48.6,2022,DEN,0.97,2,0,9,28,11,0,18,2022,5.3,,148,20,78.2,0,66.7,16.7,38.5,1,2,1,1,22.7,DEN,0,73.4,4,HB,82.8,19,47,152,207,7.4,Tyler Badie,42.1,10,0,213,-0.8,0,2,83714,0
30,,71.9,2.8,71.4,2024,NYG,2.02,110,0,11,01,0,7,4,2024,0,42.9,271,18,84.2,2,60,10,56.1,24.1,35,0,75.9,0,NYG,0,92.4,2,WR,73.9,48,0,134,145,15.1,Malik Nabers,42.5,21,3,51,18.2,-0.09,2,146759,2
29,76.7,56,2.1,56.9,2019,DEN,0.81,146,0,11,17,3,6,12,2019,1.2,33.3,194,16,84.6,1,55.2,5.9,66.7,41.3,105,1,57.5,1.2,DEN,0,94.1,1,WR,73.3,34,3,239,254,12.1,Lil'Jordan Humphrey,44.6,10,2,34,13.1,0.05,0,42247,2
29,39,69.5,7.1,67.4,2022,ARZ,1.21,10,0,10,20,0,1,9,2022,0,0,160,22,99.8,0,75.9,4.3,72.1,4.4,8,0,5.6,22.8,ARZ,0,73.3,1,HB,68,20,41,132,180,7.3,Bam Knight,50,1,0,156,0.7,0.06,2,97432,1
29,,82.2,2.9,81.1,2016,MIA,2.55,65,0,17,10,0,3,4,2016,0,100,265,21,97.6,1,72.4,4.5,72.1,41.1,46,0,58,0,MIA,0,92.9,1,WR,76.1,47,0,104,112,12.6,Tyreek Hill,46.2,17,3,61,13.1,0.01,2,10799,1
29,65.9,70.2,4.4,70.9,2023,GB,1.67,38,0,10,11,4,4,8,2023,2.6,25,250,23,125.6,0,79.3,8,62.3,70.5,110,1,24.4,0.6,GB,0,96.2,2,WR,77.5,31,1,150,156,10.9,Jayden Reed,52,12,1,101,9.5,0.24,4,78171,2
28,,70,6.8,68.5,2016,DET,1.33,130,0,14,11,1,3,14,2016,0.4,100,289,24,121.6,0,85.7,4,73.5,41.3,92,1,58.3,0,DET,0,97.3,1,WR,88.8,30,0,217,223,12,Kalif Raymond,42.9,11,3,164,5.9,0.09,2,11028,1
28,51.6,56.5,4.5,55,2022,NYJ,0.96,26,0,8,89,172,3,17,2022,70.2,66.7,179,23,105.2,0,82.1,8,61.8,15.5,38,3,10.6,20.4,NYJ,0,76.3,2,TE,75.1,24,50,187,245,7.8,Jeremy Ruckert,38.7,22,2,103,3.8,-0.19,1,84029,1
28,72.6,59.9,3.4,61.2,2025,LV,1.16,149,0,11,18,3,9,15,2025,1.4,55.6,224,20,65.2,2,71.4,4.8,70.5,27.6,58,2,71,1.4,LV,0,91.9,1,WR,74.4,37,3,193,210,11.2,Jack Bech,40.8,23,5,68,9.4,-0.18,1,146771,0
27,65.7,59.5,6.5,58.5,2025,NE,1,214,0,8,18,0,7,21,2025,0,14.3,223,12,95.1,1,44.4,14.3,45.7,10.8,26,1,89.2,0.4,NE,0,92.9,2,WR,78.9,72,1,223,240,18.6,Kyle Williams,51.8,19,1,78,18.7,0.27,0,128374,3
27,,56,3.1,54.8,2025,LA,0.52,174,0,8,15,2,7,19,2025,0.9,14.3,114,13,56.7,1,48.1,0,80,23.1,53,0,76,0,LA,0,96.1,0,WR,72.3,19,0,220,229,8.8,Konata Mumpfield,47.3,26,1,40,13,-0.02,0,145598,1
27,56.6,69,9.1,72,2024,NYJ,1.17,6,0,8,32,0,3,16,2024,0,33.3,186,21,95.4,0,77.8,4.5,73,6.6,15,0,2.6,27.3,NYJ,0,70,1,HB,85.2,26,62,159,227,8.9,Isaiah Davis,36.5,22,1,192,1.2,-0.31,3,138299,0
27,37.5,63.7,9,62.1,2019,BLT,1.34,7,0,6,43,0,1,10,2019,0,100,169,21,105.1,0,77.8,4.5,71.5,8.6,15,0,4,22.4,BLT,0,72.4,1,HB,39.1,37,39,126,174,8,Justice Hill,43.8,3,1,189,-0.5,0.01,9,45865,1
26,67.2,58.6,6.4,35.6,2022,KC,0.42,13,0,4,10,3,1,13,2022,1.1,0,101,19,92,0,73.1,17.4,35.5,3.9,11,1,4.6,10.2,KC,0,84.9,4,HB,89.5,31,29,242,285,5.3,Isiah Pacheco,48.9,16,0,122,-1.2,0.09,2,83747,1
26,68.2,62.5,7.1,63,2022,NYG,1.36,30,0,14,82,104,4,16,2022,37.8,25,286,19,134.5,0,73.1,5,70.5,34.5,95,3,10.9,18.5,NYG,0,76.4,1,TE,74.4,44,51,210,275,15.1,Daniel Bellinger,50,21,1,134,9.3,0.16,2,84041,2
26,65.7,63.1,3.4,63.3,2025,DET,0.81,220,0,14,18,1,9,17,2025,0.3,55.6,239,16,115.2,1,61.5,0,81.7,28.8,90,1,70.5,0.3,DET,0,94.9,0,WR,73.3,29,1,296,312,14.9,Isaac TeSlaa,47.5,11,5,55,14.8,0.1,1,172430,6
26,58,75.3,8.4,78.4,2019,DET,1.12,3,1,11,05,0,0,17,2019,0,,192,24,97.4,0,92.3,0,85.3,0,0,0,1.3,22.3,DET,0,73.4,0,HB,77,23,52,171,233,8,David Montgomery,49.6,11,0,201,0.1,0.17,4,45719,0
25,60.2,61.4,3.5,62.2,2017,JAX,1.1,109,0,10,17,0,7,16,2017,0,42.9,187,15,106.2,1,60,16.7,39.8,41.1,76,3,58.9,1.6,JAX,1,91.9,3,WR,73.3,37,3,170,185,12.5,Tim Patrick,47.4,15,3,53,12.4,-0.11,2,12087,3
25,43.2,55.7,6.1,58.3,2024,LA,0.85,105,0,9,88,5,1,18,2024,1.9,0,206,20,101,0,80,0,84.5,57.7,153,2,39.6,3.4,LA,1,90.9,0,WR,83.2,40,9,241,265,10.3,Jordan Whittington,51.2,26,0,121,6.6,0.11,2,97623,0
25,70.7,54.8,5.1,57.2,2020,DEN,0.81,28,0,11,82,247,1,19,2020,68.8,100,195,20,112.5,0,80,4.8,70.5,22,79,7,7.8,29,DEN,1,67.4,1,TE,75,26,104,242,359,9.8,Adam Trautman,47.9,10,1,102,5.4,0.11,5,109795,1
24,80.9,60.5,4.3,61.3,2023,BUF,1.15,155,0,11,14,23,3,17,2023,9.5,33.3,259,16,116.5,0,66.7,0,81.7,26.3,64,3,63.8,2.9,BUF,0,92.6,0,WR,73.3,43,7,225,243,16.2,Tyrell Shavers,49.1,4,1,69,13.6,0.12,1,61107,1
24,75.9,53.2,4.4,51.8,2025,SEA,1.07,31,1,7,18,103,7,14,2025,56.3,57.1,179,15,59.5,3,62.5,0,81.1,24,44,1,16.9,3.8,SEA,0,91.3,0,TE,22.4,32,7,167,183,11.9,Elijah Arroyo,45.4,29,4,66,9,-0.06,0,143933,1
24,,56.9,1.4,57.6,2019,CAR,0.6,33,0,8,13,0,6,6,2019,0,50,89,15,97.4,0,62.5,6.3,65.9,80,132,1,20,0,CAR,1,90.3,1,WR,75.8,15,0,149,165,5.9,Hunter Renfrow,43.6,5,3,21,8.3,-0.16,0,47509,2
24,63.6,72.2,8.6,53.2,2017,KC,0.52,9,0,8,29,5,1,17,2017,1.4,0,143,18,85.9,1,75,5.3,70.7,3.8,13,2,2.6,14.5,KC,0,79.8,1,HB,61,22,50,276,346,7.9,Kareem Hunt,44.9,16,0,155,0,0.01,4,11841,1
23,55.5,73.4,10.3,62.5,2024,LAC,0.64,6,0,6,30,2,0,14,2024,0.6,,156,18,109.4,0,78.3,0,82.7,3.4,12,1,1.7,27.7,LAC,0,70,0,HB,78.1,60,97,245,350,8.7,Kimani Vidal,48.4,27,0,186,0.5,-0.07,4,123727,1
23,64.9,73.1,4.5,73.6,2018,CIN,1.5,22,0,8,87,37,5,12,2018,31.9,40,168,19,108,1,82.6,0,83.2,46.6,54,0,19,0.9,CIN,0,96.6,0,TE,74.1,33,1,112,116,8.8,Tanner Hudson,44.2,7,2,85,6,0.01,3,66924,2
23,77.4,57.9,4.4,56.9,2022,NO,0.92,99,0,7,81,2,3,7,2022,1.2,0,140,13,89,0,56.5,18.8,37.9,37.3,60,1,61.5,1.2,NO,0,95,3,WR,73,36,2,153,161,10.8,Kevin Austin Jr.,44.5,20,0,57,8.4,0.09,0,84345,1
23,47.8,85.1,6.1,56.4,2023,SEA,0.71,7,0,7,26,6,0,17,2023,2.1,,144,20,92.8,0,87,4.8,70.5,4.6,13,0,2.5,23.9,SEA,0,72.1,1,HB,90.6,21,67,202,280,7.2,Zach Charbonnet,46.4,29,0,122,1.5,-0.01,4,97630,0
23,67.6,56.5,1.9,56.7,2023,CIN,0.78,120,0,6,82,5,9,17,2023,3.2,33.3,116,8,81.1,0,34.8,27.3,28.8,19.6,31,1,75.9,1.3,CIN,0,94.3,3,WR,73.4,27,2,149,158,14.5,Mitchell Tinsley,45,7,3,15,16.2,-0.08,0,123470,2
23,54.1,55.1,6.1,58.6,2023,DAL,0.96,14,0,7,86,132,6,17,2023,70.6,33.3,132,14,76.7,0,60.9,6.7,65.6,21.9,41,2,7.5,23.5,DAL,0,73.8,1,TE,73,29,44,138,187,9.4,Luke Schoonmaker,41.4,9,2,85,7,-0.01,1,84005,0
22,68.5,67.5,6,68.1,2023,LA,1.68,53,0,11,19,0,1,17,2023,0,0,303,18,99.8,1,81.8,0,82.7,71.5,138,4,27.5,1.6,LA,1,93.3,0,WR,90,51,3,180,193,16.8,Xavier Smith,50.3,26,0,108,16.2,0.22,0,102585,0
22,66.7,66.3,5.6,64.8,2025,CAR,1.19,7,0,9,84,139,0,18,2025,78.5,,171,19,110.4,1,86.4,5,69.6,17.5,31,4,4,14.7,CAR,0,81.4,1,TE,74.5,25,26,144,177,9,Mitchell Evans,48.5,5,0,107,4,-0.09,2,147486,2
22,,62.9,3.6,64.6,2022,WAS,0.85,132,0,7,13,0,6,8,2022,0,33.3,130,10,41.9,2,45.5,0,78.7,20.8,35,1,78.6,0,WAS,0,91.1,0,WR,72.8,37,0,153,168,13,Treylon Burks,46.1,32,2,36,14.2,-0.02,1,99218,1
22,62.4,70.1,2.2,69.1,2025,SEA,1.17,116,0,7,15,0,6,8,2025,0,33.3,161,13,121.4,0,59.1,0,81.1,22.1,33,1,77.9,0.7,SEA,0,92.6,0,WR,83.7,25,1,138,149,12.4,Tory Horton,50.4,29,2,28,16.5,0.2,1,128232,5
21,,61.2,2.3,59.2,2020,BUF,0.95,133,0,9,13,3,7,7,2020,1.9,71.4,143,14,82,1,66.7,12.5,49.6,13.4,21,1,84.7,0,BUF,1,96.2,2,WR,72.7,22,0,151,157,10.2,Gabe Davis,51.7,4,5,32,9.4,0.37,0,55410,1
21,,61.6,1.3,61.8,2017,NYJ,0.63,135,0,4,83,0,8,5,2017,0,25,101,11,26.2,2,52.4,8.3,63.2,21.5,37,0,78.5,0,NYJ,0,93,1,WR,72.3,13,0,160,172,9.2,Josh Reynolds,41.9,22,2,14,13.6,-0.16,3,11872,0
21,,55.9,5,57.3,2016,WAS,0.89,208,0,10,19,0,7,14,2016,0,42.9,207,11,102.7,0,52.4,21.4,29.9,19.1,49,1,80.9,0,WAS,1,90.3,3,WR,75.6,44,0,232,257,18.8,Chris Moore,50,32,3,55,15.4,0.13,0,10741,1
21,56.7,55,4.1,52.6,2024,HST,0.87,10,0,4,87,102,4,11,2024,76.7,75,91,15,79.7,0,71.4,11.8,51.2,15,20,2,7.5,15.8,HST,0,78.9,2,TE,76.4,11,21,105,133,6.1,Cade Stover,45.5,13,3,62,2.1,-0.11,1,101486,0
20,39.1,66.6,6.5,60.3,2017,CIN,0.48,4,0,5,34,10,1,14,2017,4.1,100,87,17,84.8,0,85,5.6,69,0.8,2,0,1.7,19.9,CIN,0,75.9,1,HB,29.2,16,48,183,241,5.1,Samaje Perine,43.9,7,1,111,-1.6,0.07,7,11869,0
20,,59.8,5.6,58.7,2024,PIT,1.07,131,1,7,10,0,4,13,2024,0,25,166,12,120,0,60,0,80,20.1,33,0,79.9,0,PIT,0,94.5,0,WR,20.2,45,0,155,164,13.8,Roman Wilson,40.6,25,1,67,13.8,0.01,1,129604,2
19,56.5,78.5,4.9,36.9,2024,LA,0.5,4,0,3,22,0,0,20,2024,0,,73,13,75.1,0,68.4,18.8,33.8,6.7,15,0,1.8,30.2,LA,0,65.3,3,HB,90.6,15,68,147,225,5.6,Blake Corum,53.3,26,0,64,1.6,0.2,3,129574,0
19,67,71.1,9.1,58.7,2019,NYG,1.28,17,0,4,26,0,1,17,2019,0,100,151,18,99.8,0,94.7,5.3,70.5,3.5,6,1,10,25.3,NYG,0,69.4,1,HB,90.1,41,43,118,170,8.4,Devin Singletary,42.5,21,1,164,-0.8,-0.12,7,40485,0
19,53.2,52.5,5.9,54.2,2021,DET,0.86,15,0,7,89,116,1,11,2021,64.1,0,108,14,82.7,2,73.7,6.7,64.7,20.4,37,2,8.3,28.2,DET,0,69.1,1,TE,73.4,20,51,125,181,7.7,Brock Wright,50,11,0,83,2.4,0.16,0,60994,2
19,57.8,58.8,8.1,58.8,2025,NO,0.74,10,0,4,24,0,2,9,2025,0,50,104,17,89.5,0,89.5,5.6,68.7,1.7,3,0,5.5,18.8,NO,0,77.3,1,HB,85.8,18,34,140,181,6.1,Devin Neal,45.9,20,1,138,-2.1,-0.03,5,144558,0
19,65.9,80.4,9.3,59.1,2016,BLT,0.97,1,0,4,22,0,0,17,2016,0,,150,15,77.6,1,78.9,6.3,65.6,1,2,1,0.5,22.2,BLT,0,74.4,1,HB,56.9,44,46,154,207,10,Derrick Henry,55.4,3,0,139,0.9,0.11,5,10679,0
19,66.8,53.8,7.5,56.3,2023,MIA,1.05,9,0,6,89,146,0,14,2023,70.2,,140,15,75.4,1,78.9,6.3,67.7,15.9,33,2,4.3,31.7,MIA,1,63.9,1,TE,73.6,20,66,133,208,9.3,Julian Hill,41.2,17,0,112,3.7,-0.1,2,88685,0
19,45.5,72.1,4.8,52.1,2018,HST,0.47,5,0,1,21,0,2,17,2018,0,50,67,13,73.8,0,68.4,7.1,64.4,0.5,1,0,2.3,28.4,HST,0,66.5,1,HB,90.1,27,61,143,215,5.2,Nick Chubb,52.3,13,1,63,1.3,0.15,1,45783,0
19,78.1,83.1,5.8,81.8,2025,BUF,1.75,7,0,13,85,127,3,19,2025,77.4,66.7,187,16,147.3,0,84.2,5.9,66.7,18.3,30,1,4.3,32.3,BUF,0,65.2,1,TE,73.3,29,53,107,164,11.7,Jackson Hawes,57.2,4,2,92,7.2,0.24,4,109374,3
19,81.3,67.4,6,58,2017,IND,1,2,0,4,81,184,4,17,2017,91.5,25,117,13,80.4,1,68.4,7.1,63.2,7,14,1,1,38.3,IND,0,58.2,1,TE,72.3,20,77,117,201,9,Mo Alie-Cox,54.3,14,1,78,5.5,0.15,1,12078,1
18,61.6,62.1,3.9,62.1,2023,CAR,1.39,77,1,7,87,2,2,17,2023,1.6,50,160,14,103.7,0,77.8,0,80.6,34.4,43,0,61.6,0.8,CAR,0,92,0,WR,22.6,26,1,115,125,11.4,Brycen Tremayne,47.4,5,1,54,8.7,-0.12,2,84425,0
18,66.6,70.8,6.9,72.9,2019,MIN,1.33,7,0,9,84,140,2,15,2019,80.9,50,160,15,120.1,1,83.3,0,81.7,13.9,24,2,4,25.4,MIN,0,69.4,0,TE,74,32,44,120,173,10.7,Josh Oliver,42.8,18,1,103,2.8,-0.21,1,47083,4
18,,62.9,5.7,60.4,2021,DEN,1.05,69,0,4,81,0,6,10,2021,0,33.3,116,10,52.1,1,55.6,9.1,58.5,38.8,45,0,59.5,0,DEN,0,95.7,1,WR,74.7,31,0,111,116,11.6,Elijah Moore,37.8,10,2,57,8.2,-0.24,2,84302,0
18,76.2,49.8,3.6,52,2018,NYJ,0.44,92,0,4,10,0,8,10,2018,0,37.5,70,10,60,1,55.6,0,78,46.8,81,2,53.2,1.2,NYJ,0,91.9,0,WR,71.1,10,2,159,173,7,Allen Lazard,39.8,22,3,36,11.4,-0.21,0,48135,1
18,70.8,69.5,7.8,52.6,2023,GB,0.85,8,0,3,30,9,0,18,2023,5.7,,102,14,90.3,0,77.8,12.5,49.8,5.7,9,0,5.1,22.3,GB,0,76.4,2,HB,80.2,16,35,120,157,7.3,Chris Brooks,48.4,12,0,109,0.5,0.16,5,83644,0
18,70.7,51.5,2.6,49.4,2020,MIA,0.4,140,0,8,18,0,2,14,2020,0,50,89,11,50.5,1,61.1,21.4,31,40.4,95,0,59.6,1.7,MIA,0,94.5,3,WR,71.9,18,4,222,235,8.1,Nick Westbrook-Ikhine,38.9,17,1,29,5.7,-0.09,2,47861,0
18,46,53.9,6.5,54,2023,ARZ,0.87,7,0,3,31,0,1,11,2023,0,100,101,13,104.2,0,72.2,13.3,47.7,4.7,7,1,4.7,18.1,ARZ,1,77.9,2,HB,41.7,34,27,116,149,7.8,Emari Demercado,41.1,1,1,85,1.2,-0.03,2,77763,1
17,67.5,54.6,1.8,56.3,2020,NYG,0.56,139,0,6,89,3,3,7,2020,1.3,66.7,115,10,98.9,0,58.8,0,78,36.6,82,1,62.1,0.4,NYG,1,91.1,0,WR,71.1,30,1,204,224,11.5,Isaiah Hodgins,42.9,21,2,18,11.5,-0.01,1,52130,1
17,,53.7,3.6,54.2,2024,NO,0.43,126,0,4,15,0,3,12,2024,0,0,76,11,50.1,1,64.7,0,79.4,32.3,60,0,67.7,0,NO,0,95.2,0,WR,28.1,12,0,177,186,6.9,Mason Tipton,46.9,20,0,40,8.8,0,1,109617,0
17,78.9,59.6,8.4,46.6,2017,JAX,0.81,12,0,6,86,135,3,17,2017,74.6,0,111,9,73.4,0,52.9,25,29.1,17.1,31,3,6.6,18.2,JAX,0,75.7,3,TE,70.6,21,33,137,181,12.3,Johnny Mundt,55.7,15,0,76,6.1,0.22,2,12206,0
17,44.2,70.5,6.6,81.7,2015,IND,1.71,3,0,4,26,0,1,13,2015,0,100,99,16,90.9,0,94.1,0,81.7,7.4,5,0,4.4,11.8,IND,0,85.3,0,HB,43.2,15,8,58,68,6.2,Ameer Abdullah,43.9,14,1,106,-0.4,0.16,6,9487,0
17,67.8,53.9,7.1,45.9,2019,CIN,0.47,13,0,5,89,199,2,17,2019,64.2,50,106,15,112.3,0,88.2,0,81.1,8.1,25,2,4.2,23.9,CIN,1,72.3,0,TE,73,27,74,224,310,7.1,Drew Sample,46.4,7,1,106,-0.1,-0.08,1,47259,1
16,73.6,56.3,4.6,47.5,2022,GB,0.61,12,0,4,86,114,0,15,2022,74,,72,12,104.2,0,75,14.3,31.3,15.6,24,6,7.8,16.9,GB,2,77.3,2,TE,71.9,11,26,119,154,6,John FitzPatrick,55.6,12,0,55,2.8,0.3,1,83974,1
16,70.7,71.5,8.6,56.3,2022,ATL,0.9,5,0,3,25,0,0,17,2022,0,,96,14,91.7,0,87.5,6.7,65.6,2,3,0,3.4,23.5,ATL,0,71.8,1,HB,90.1,31,35,107,149,6.9,Tyler Allgeier,45,2,0,120,-1.9,-0.09,2,83639,0
16,,58.1,2.8,57.7,2017,ARZ,1.06,136,0,7,17,0,2,8,2017,0,50,183,12,86.2,1,75,0,61.8,28.4,54,1,71.6,0,ARZ,0,91.1,0,WR,71.9,43,0,173,190,15.3,Zay Jones,48.6,1,1,33,13.9,0.09,1,11792,0
16,49.5,63.7,9.1,37,2023,GB,0.71,11,1,5,23,4,0,17,2023,2.1,,99,15,92.4,0,93.8,6.3,52.8,4.6,9,0,5.7,24.2,GB,0,71.6,1,HB,73.3,25,47,139,194,6.6,Emanuel Wilson,50.3,12,0,136,-2.7,0.05,6,154173,0
15,38.6,46.2,4.1,46.3,2022,NYG,0.8,17,0,3,48,60,2,9,2022,45.5,50,91,9,49.6,1,60,18.2,38.7,40.9,54,0,12.9,9.1,NYG,0,86.4,2,TE,70.6,28,12,114,132,10.1,Tanner Conner,39.7,21,1,37,8.4,-0.12,0,22777,0
15,41,53.4,8,50.7,2017,NO,1.1,25,1,2,07,14,1,13,2017,14.1,0,91,11,88.5,0,73.3,21.4,31.9,32.3,32,2,25.3,5.1,NO,0,83.8,3,TE,30,17,5,83,99,8.3,Taysom Hill,46.2,20,0,88,1.3,-0.15,1,12112,0
15,74.3,60.3,6.2,55.4,2018,LAC,1,17,0,5,89,73,3,10,2018,65.8,0,97,11,90.1,0,73.3,8.3,60.2,18,20,1,15.3,10.8,LAC,0,87.4,1,TE,71.5,18,12,97,111,8.8,Will Dissly,44,27,0,68,4.1,-0.06,1,30762,0
15,46.2,58.8,4.7,46.8,2021,SF,0.57,16,1,6,89,151,3,19,2021,78.2,66.7,86,12,102.4,1,80,7.7,62.1,13,25,1,8.3,18.7,SF,0,78.8,1,TE,20.9,11,36,152,193,7.2,Luke Farrell,54.5,28,2,56,2.8,-0.04,1,42353,2
15,24.4,58.4,5.5,60,2020,NYJ,1.17,104,0,8,16,0,3,11,2020,0,66.7,197,12,141,0,80,14.3,45.7,40.9,72,1,59.1,1.1,NYJ,0,95.5,2,WR,71.9,35,2,168,176,16.4,Tyler Johnson,39.6,22,2,66,13.4,-0.23,2,48054,1
15,74.3,71.4,7.6,85,2023,MIN,1.69,8,0,7,36,1,1,9,2023,1.4,100,98,14,88.3,1,93.3,0,81.1,16.2,12,0,10.8,16.2,MIN,0,78.4,0,HB,24.5,20,12,58,74,7,Zavier Scott,47.1,18,1,107,0.3,-0.02,2,55123,1
15,64.2,56.1,2.8,52.2,2021,JAX,0.65,29,1,5,84,81,1,9,2021,51.9,100,85,12,129.9,0,80,20,33.5,27.6,43,2,18.6,12.8,JAX,0,84,3,TE,25,11,20,131,156,7.1,Hunter Long,41.1,15,1,34,4.1,-0.1,0,60859,2
15,25.1,74.4,7.4,42,2022,MIN,0.32,7,1,1,27,12,0,16,2022,5.2,,51,14,80.8,0,93.3,0,80.6,1.7,4,1,3,28.1,MIN,1,69.3,0,HB,44.6,13,65,160,231,3.6,Jordan Mason,45.7,18,0,104,-3.7,-0.13,2,62946,0
15,,56.9,10.8,57.3,2021,LA,1.22,61,0,4,05,0,6,11,2021,0,16.7,192,6,81.9,1,40,0,74.6,63.9,108,1,36.1,0,LA,1,92.9,0,WR,68.8,88,0,157,169,32,Tutu Atwell,49,26,1,65,20.4,0.19,0,77965,1
15,54.3,60.5,8.8,70.6,2023,DAL,1.28,6,0,6,40,5,1,17,2023,3.8,0,109,13,119.2,0,86.7,7.1,63.2,4.6,6,0,4.6,29.2,DAL,0,65.4,1,FB,78,15,38,85,130,8.4,Hunter Luepke,51.3,9,0,114,0.1,0.23,5,91319,1
15,64.8,70.2,11.8,66,2024,BUF,1.25,5,0,9,22,4,1,19,2024,3.4,0,119,12,139.3,0,80,7.7,61.8,5,6,0,4.2,16.8,BUF,0,79.8,1,HB,68.3,24,20,95,119,9.9,Ray Davis,53.1,4,0,141,-0.5,0.36,2,101072,2
15,,72.6,6.6,72.2,2024,WAS,1.92,67,0,6,11,0,2,7,2024,0,100,203,11,154.9,0,73.3,0,80.6,43.7,52,1,56.3,0,WAS,0,89.1,0,WR,82.6,50,0,106,119,18.5,Luke McCaffrey,49.1,32,2,73,15,-0.03,0,101634,3
15,65.6,48.4,4.3,48.8,2025,NYJ,0.21,147,0,4,82,0,6,16,2025,0,16.7,52,7,27.6,1,46.7,0,76.5,42.6,110,2,57,0.4,NYJ,1,95,0,WR,74.2,23,1,245,258,7.4,Arian Smith,40.2,22,1,30,14.7,-0.14,1,124039,0
15,,66.3,4.8,67.5,2024,TB,2.14,69,0,8,11,0,2,4,2024,0,100,178,12,88.3,1,80,14.3,46,19.8,17,0,80.2,0,TB,0,96.5,2,WR,72.5,33,0,83,86,14.8,Jalen McMillan,50.6,30,2,58,11.8,0.07,1,131905,0
15,,61.3,6.1,60,2025,CAR,1.11,24,0,4,15,1,0,14,2025,1,,108,11,93.2,0,73.3,15.4,46,70.6,72,0,23.5,0,CAR,0,95.1,2,WR,75.8,34,0,97,102,9.8,Jimmy Horn Jr.,38.1,5,0,67,8.1,-0.23,2,144483,0
14,41.1,62.9,5.7,62.9,2024,WAS,1.09,10,0,5,82,69,1,15,2024,53.9,100,114,11,124.4,0,78.6,0,78.7,31.3,40,3,7.8,11.7,WAS,0,82,0,TE,71.5,36,15,105,128,10.4,Ben Sinnott,51.3,32,1,63,7.4,0.12,2,122616,1
14,61.6,57.3,6.3,55.3,2021,WAS,0.78,11,0,6,87,159,2,15,2021,76.1,0,103,11,121.1,0,78.6,8.3,60.2,12,25,2,5.3,32.5,WAS,0,63.2,1,TE,71.5,22,68,132,209,9.4,John Bates,50.3,32,0,69,4.7,0.05,0,42275,1
14,57,62.3,5.5,62.7,2024,ARZ,0.89,8,0,2,33,0,0,4,2024,0,,64,13,56,1,92.9,0,80,6,5,0,9.5,8.3,ARZ,0,85.7,0,HB,80.8,12,7,72,84,4.9,Trey Benson,50,1,0,72,0.3,0.16,4,131705,0
14,60.3,76.8,5.1,46.6,2020,DEN,0.32,1,0,0,27,0,1,10,2020,0,0,37,11,79.2,0,78.6,15.4,43.8,1.3,2,1,0.6,22.8,DEN,0,72.2,2,HB,90.2,9,36,114,158,3.4,J.K. Dobbins,46.2,10,0,56,-2.3,0,1,57366,0
14,,46.5,0.4,47.3,2023,NYG,0.32,96,0,2,13,0,4,7,2023,0,25,35,5,4.8,3,35.7,16.7,46.3,18.6,22,0,81.4,0,NYG,0,93.2,1,WR,72.7,14,0,110,118,7,Jalin Hyatt,39.1,21,1,2,20,-0.25,0,124282,0
13,52.5,48.6,5.7,46.3,2017,HST,1.15,4,1,3,33,1,3,15,2017,0.8,33.3,76,10,90.5,0,76.9,9.1,58.5,6.8,8,0,3.4,42.4,HST,0,55.9,1,HB,25.3,18,50,66,118,7.6,Dare Ogunbowale,36.9,13,1,57,1.7,-0.2,1,12329,0
13,,58.5,2,57.2,2024,ATL,0.93,70,0,6,82,0,4,6,2024,0,25,94,6,70.7,0,46.2,14.3,49.2,35.8,39,0,64.2,0,ATL,0,92.7,1,WR,68.8,25,0,101,109,15.7,Casey Washington,52.5,2,1,12,18.2,0.24,0,101710,0
13,63.4,75.8,9,69.2,2024,NO,1.05,7,0,3,30,0,0,5,2024,0,,103,12,99.7,0,92.3,0,79.4,1.7,2,0,5.9,14.3,NO,0,82.4,0,HB,83.1,19,17,98,119,8.6,Audric Estime,42.6,20,0,108,-0.2,0.15,4,147476,0
13,52.9,66,8.3,59.1,2025,JAX,0.86,8,0,3,33,0,2,14,2025,0,0,79,10,131.1,0,76.9,0,78.7,6.7,8,0,6.7,17.5,JAX,0,76.7,0,HB,48.5,24,21,92,120,7.9,Bhayshul Tuten,55.9,15,0,83,0.2,0.12,3,150568,2
13,48.4,77.5,5.1,75,2022,BLT,1.39,5,0,9,88,109,2,17,2022,85.8,50,142,10,119.2,1,76.9,0,78,8.7,11,3,3.9,17.3,BLT,1,80.3,0,TE,71.1,23,22,102,127,14.2,Charlie Kolar,50,3,1,51,9.5,0.08,0,60917,2
13,18.5,66.7,3.8,61.5,2022,SF,0.36,3,0,1,03,0,3,19,2022,0,0,28,9,72.3,0,69.2,0,77.3,7.6,7,0,3.3,9.8,SF,0,83.7,0,HB,89.7,6,9,77,92,3.1,Brian Robinson,48.2,28,0,34,0.2,0.06,3,57120,0
13,,76.7,7.4,78.2,2019,NYG,2.07,38,0,7,80,0,2,10,2019,0,100,145,10,138.3,0,76.9,0,78,51.9,41,1,48.1,0,NYG,0,88.6,0,WR,61.9,28,0,70,79,14.5,Gunner Olszewski,48.6,21,2,74,11.2,0.2,0,95015,1
13,65.1,49.6,6.1,53.9,2018,NYG,0.51,93,0,4,88,0,1,6,2018,0,100,69,7,37,1,53.8,12.5,52.1,34,48,2,66,0.7,NYG,0,96.5,1,WR,76.3,24,1,136,141,9.9,Ray-Ray McCloud III,44.5,21,1,43,6.3,-0.06,3,47895,0
13,,57.5,4.1,57.7,2024,CLV,0.79,65,0,5,80,0,1,9,2024,0,0,107,10,100.5,0,76.9,0,78,55.8,82,0,44.2,0,CLV,0,92.5,0,WR,71.1,23,0,136,147,10.7,Jamari Thrash,32.4,8,0,41,8.2,-0.41,1,97399,0
13,,50.6,4.3,52.3,2025,CLV,0.55,76,0,3,84,0,2,13,2025,0,0,71,7,37.7,1,53.8,22.2,32.2,44.5,61,2,55.5,0,CLV,1,94.9,2,WR,54,14,0,130,137,10.1,Gage Larvadain,42,8,0,30,9.4,-0.08,2,150169,0
13,53.8,73,3.8,72.4,2024,DAL,1.29,2,0,4,89,78,4,17,2024,72.9,25,90,9,82.2,1,69.2,0,78,24.3,26,0,1.9,30.8,DAL,0,65.4,0,TE,71.1,31,33,70,107,10,Brevyn Spann-Ford,47.1,9,1,34,9.1,0.08,0,84006,1
13,58.7,63.8,5.8,67.1,2018,LV,1.3,11,0,5,80,127,0,14,2018,80.4,,114,13,103.2,0,100,0,80,12,19,0,7,43,LV,0,55.7,0,TE,72.3,20,68,88,158,8.8,Ian Thomas,46.1,23,0,76,2.9,-0.23,1,42130,0
13,,70.3,6.5,65.1,2024,CLV,1.04,28,0,4,83,0,1,13,2024,0,100,79,11,59.9,1,84.6,0,78.7,62.2,51,0,34.1,0,CLV,0,92.7,0,WR,82.9,19,0,76,82,7.2,Malachi Corley,35.5,8,1,71,0.4,-0.26,4,66272,0
12,,49.2,3,49.8,2024,ARZ,0.34,167,0,2,89,0,3,9,2024,0,33.3,67,7,39.2,1,58.3,12.5,54.9,20.9,44,0,79.1,0,ARZ,0,93.8,1,WR,72.1,23,0,198,211,9.6,Xavier Weaver,47.5,1,1,21,16,0.06,1,101130,0
12,66.2,61,2.4,64.6,2025,PHI,0.93,63,0,7,80,1,2,14,2025,0.9,50,101,10,101.7,0,83.3,0,78,44.8,52,3,54.3,0.9,PHI,0,94,0,WR,71.1,19,1,109,116,10.1,Darius Cooper,42.7,24,1,24,9.7,-0.14,1,136866,0
12,22.2,57.5,9.7,53.4,2023,BLT,1.31,1,0,2,34,2,0,12,2023,3.5,,63,9,51.7,1,75,10,38.4,12.3,7,0,1.8,10.5,BLT,0,84.2,1,HB,70.6,17,6,48,57,7,Keaton Mitchell,40.7,3,0,87,-3,-0.16,0,123826,0
12,45.9,56.9,7.2,66.8,2015,LV,0.86,0,0,6,31,1,0,12,2015,0.9,,70,12,91,0,100,0,79.4,3.6,4,0,0,21.8,LV,0,73.6,0,HB,84.5,18,24,81,110,5.8,Raheem Mostert,42.2,23,0,86,-1.3,-0.2,2,9783,0
12,,56,4.2,58.6,2025,LAC,0.67,69,0,3,84,0,1,10,2025,0,100,51,5,47.6,1,41.7,16.7,46.3,12.7,10,2,87.3,0,LAC,0,96.2,1,WR,79.7,18,0,76,79,10.2,KeAndre Lambert-Smith,46.1,27,1,21,17.6,-0.13,1,129789,1
12,80.8,57.9,6.5,50.2,2025,JAX,0.41,5,0,0,36,1,0,18,2025,0.4,,63,11,88.5,0,91.7,0,78.7,8.5,19,0,2.2,27.2,JAX,0,67.9,0,HB,85,10,61,152,224,5.7,LeQuint Allen,46.9,15,0,72,-1.4,0.09,0,158290,0
12,,59.4,3.6,59.5,2017,BUF,0.73,66,0,5,01,1,1,7,2017,0.9,100,83,8,79.5,1,66.7,0,76.5,42.7,50,1,56.4,0,BUF,0,96.6,0,WR,76.9,21,0,113,117,10.4,Curtis Samuel,50.4,4,1,29,14.8,0.28,0,11795,1
12,,57,3.6,60.6,2019,PIT,0.58,85,0,4,13,0,1,13,2019,0,100,62,9,86.1,0,75,0,78,23.4,26,0,76.6,0,PIT,0,96.4,0,WR,74.7,15,0,107,111,6.9,Scott Miller,39.3,25,1,32,5.6,0,1,47481,0
12,71.1,50.5,3.6,51.5,2022,PHI,0.63,10,0,4,81,92,2,16,2022,57.5,50,76,9,118.8,0,75,10,57,33.1,53,0,6.3,23.8,PHI,0,75,1,TE,70.6,16,38,120,160,8.4,Grant Calcaterra,45.8,24,1,32,5.9,0.09,0,60997,1
11,68.7,50.1,5.6,46,2019,MIA,0.43,13,0,4,30,36,1,17,2019,21.2,0,52,8,82.4,0,72.7,11.1,54.5,18.2,31,2,7.6,25.9,MIA,1,71.8,1,FB,71.5,22,44,122,170,6.5,Alec Ingold,47.2,17,0,45,3.7,0.04,0,34934,0
11,31,58.3,9.3,58.2,2024,BLT,0.93,1,0,2,26,7,0,9,2024,6.9,,68,9,84.8,1,81.8,10,58.5,2,2,0,1,24.8,BLT,0,72.3,1,HB,84,30,25,73,101,7.6,Rasheen Ali,40.6,3,0,84,0.1,-0.24,2,121717,1
11,37.2,54.9,6.7,63.1,2024,PHI,0.78,8,0,2,28,0,0,16,2024,0,,62,10,90.2,0,90.9,9.1,58.5,12.1,12,0,8.1,16.2,PHI,0,79.8,1,HB,47.3,12,16,79,99,6.2,Will Shipley,33.3,24,0,67,-0.1,-0.31,0,144138,0
11,,47.5,2.4,50.8,2023,ATL,0.55,56,0,2,81,0,6,7,2023,0,33.3,42,7,71,0,63.6,12.5,52.5,31.7,26,1,68.3,0,ATL,0,92.7,1,WR,73.4,15,0,76,82,6,Dylan Drummond,38.2,2,2,17,7.8,-0.27,1,78187,0
11,,65.7,9.6,67,2018,NO,1.63,50,1,4,11,0,1,7,2018,0,0,127,9,114.8,0,81.8,0,77.3,39.8,33,2,60.2,0,NO,0,94,0,WR,47.5,32,0,78,83,14.1,Dante Pettis,33.3,20,0,86,8.9,-0.04,5,48113,0
11,68.8,62.6,1.5,60.5,2022,GB,2.14,25,0,4,16,1,3,9,2022,1.9,33.3,107,4,65.3,1,36.4,33.3,28.6,50.9,27,1,47.2,1.9,GB,1,94.3,2,WR,80.9,45,1,50,53,26.8,Bo Melton,39.2,12,1,6,18.5,-0.27,0,61610,1
11,44.3,69.6,8.8,43.4,2025,WAS,0.49,3,1,3,22,0,0,17,2025,0,,68,9,92.4,0,81.8,0,78,8.4,16,0,1.6,20.5,WAS,0,73.7,0,HB,33.3,28,39,140,190,7.6,Jacory Croskey-Merritt,52.3,32,0,79,-1.4,0.17,0,102382,0
11,60,52,3.6,40.2,2023,DEN,0.57,9,0,3,45,75,1,11,2023,69.4,0,49,7,104,0,63.6,30,28.4,20.4,22,0,8.3,15.7,DEN,0,79.6,3,TE,69.5,16,17,86,108,7,Nate Adkins,44,10,0,25,3.7,0.06,0,87625,1
11,23,66.2,6,50.3,2023,TB,0.58,8,0,1,44,0,1,14,2023,0,0,34,8,105.9,0,72.7,11.1,56.7,4,3,0,10.7,20,TB,0,78.7,1,HB,50.1,28,15,59,75,4.3,Sean Tucker,37,30,0,48,-0.6,0.19,1,123056,1
10,73.6,43.3,8.4,44.7,2018,LAC,1.17,14,1,3,83,41,1,8,2018,42.3,0,101,7,102.5,0,70,22.2,35.3,42.3,41,1,14.4,6.2,LAC,1,88.7,2,TE,19.3,33,6,86,97,14.4,Tyler Conklin,43.5,27,0,59,4.4,-0.01,2,47124,0
10,,52.6,3,55.8,2018,ATL,0.78,32,0,2,04,0,2,6,2017,0,0,31,3,40,0,30,25,36.2,22,9,0,78,0,ATL,0,97.6,1,WR,65.8,16,0,40,41,10.3,KhaDarel Hodge,40,2,0,9,15,-0.33,1,26104,0
10,,58.8,2,61.5,2017,WAS,1.19,62,0,3,85,0,5,4,2017,0,40,83,5,78.3,0,50,16.7,49.2,19.5,15,1,80.5,0,WAS,0,90.9,1,WR,68.8,28,0,70,77,16.6,Noah Brown,35.7,32,2,10,15.2,-0.45,1,11993,0
10,,80.1,10,79.8,2025,MIA,3.56,34,0,6,81,0,3,3,2025,0,33.3,139,6,97.9,2,60,0,74.6,17.1,7,1,82.9,0,MIA,0,95.1,0,WR,68.8,63,0,39,41,23.2,Theo Wease Jr.,41,17,1,60,14.2,-0.25,0,98005,1
10,65.7,62.8,10.4,61.5,2019,IND,1.43,62,0,4,16,1,3,11,2019,1.2,33.3,106,5,87.9,0,50,0,73.4,22.9,19,0,74.7,1.2,IND,0,89.2,0,WR,80,48,1,74,83,21.2,Ashton Dulin,48,14,1,52,16,0.05,1,91479,0
10,,60.2,6.6,62.5,2025,GB,1.81,14,1,3,83,2,1,11,2025,4.5,100,78,10,132.5,0,100,0,78,54.5,24,0,31.8,0,GB,0,97.7,0,WR,45.2,33,0,43,44,7.8,Savion Williams,60.5,12,1,66,1.2,0.68,2,123101,1
10,,67.3,1.5,66.7,2025,CHI,1.36,44,0,4,20,0,1,6,2025,0,0,87,6,127.9,0,60,14.3,49.2,34.3,23,0,65.7,0,CHI,0,95.5,1,WR,68.8,25,0,64,67,14.5,Jahdae Walker,51.6,6,0,9,14.2,0.19,0,175944,2
10,68.9,57.6,3,59,2021,NO,0.98,2,0,2,88,51,2,14,2021,63.8,100,46,6,65,1,60,0,74.6,20,16,0,2.5,37.5,NO,0,58.8,0,TE,68.8,13,30,47,80,7.7,Jack Stoll,40.5,20,2,18,4.8,-0.44,0,42058,1
10,70.7,51.7,6,55.5,2019,NO,0.84,5,0,2,87,79,0,11,2019,78.2,,59,7,45.4,1,70,12.5,52.1,14.9,15,1,5,28.7,NO,0,69.3,1,TE,69.5,16,29,70,101,8.4,Foster Moreau,47.4,20,0,42,2.6,-0.13,2,47043,0
10,,54.5,0.5,55.8,2020,TEN,0.58,88,0,2,13,0,3,9,2020,0,66.7,65,6,79.2,0,60,0,76.5,26.7,32,2,73.3,0,TEN,1,94.2,0,WR,70.1,23,0,113,120,10.8,James Proche II,34.5,31,2,3,16.1,-0.3,0,48037,0
9,23.6,62.4,7.9,53,2025,MIA,0.34,4,0,1,31,0,0,17,2025,0,,32,7,118.5,0,77.8,0,75.6,3.2,4,1,3.2,23.8,MIA,0,73.8,0,HB,85.5,20,30,93,126,4.6,Ollie Gordon II,42.5,17,0,55,-2.4,-0.01,4,157792,1
9,61.6,44.7,2.5,38.4,2018,CHI,0.39,13,0,1,81,74,2,19,2018,55.6,0,36,6,74.3,0,66.7,14.3,49.2,12.8,17,1,9.8,27.1,CHI,0,69.2,1,TE,68.8,11,36,92,133,6,Durham Smythe,55.2,6,0,15,5.4,0.18,0,47257,0
9,29.2,63.7,8.8,73.4,2017,ARZ,0.93,3,0,4,06,0,1,3,2017,0,0,38,8,121.3,0,88.9,0,76.5,0,0,1,5.5,16.4,ARZ,1,74.5,0,HB,36.5,18,9,41,55,4.8,James Conner,41.7,1,0,70,-0.8,0,4,11860,1
9,,58.6,5.4,56.6,2018,MIA,0.54,56,0,3,19,2,2,10,2018,2.4,50,44,5,68.8,0,55.6,0,73.4,29.8,25,1,66.7,0,MIA,0,96.4,0,WR,69.5,16,0,81,84,8.8,Cedrick Wilson Jr.,38.3,17,1,27,10.2,-0.18,2,48170,0
9,20.3,66.1,3.3,72.5,2019,NYJ,1.55,3,0,4,47,10,2,14,2019,27.8,0,45,6,118.1,0,66.7,14.3,49.7,22.2,8,0,8.3,16.7,NYJ,0,80.6,1,FB,69.8,17,6,29,36,7.5,Andrew Beck,62.9,22,0,20,4.7,0.14,0,47121,2
9,75,43.2,1.7,42.9,2021,PHI,0.45,9,0,3,83,63,1,16,2021,58.9,0,40,7,85.2,0,77.8,12.5,52.1,29.9,32,0,8.4,13.1,PHI,0,83.2,1,TE,69.5,12,14,89,107,5.7,Kylen Granson,45.6,24,0,12,7.6,-0.1,0,40630,0
9,65.9,54.2,1.8,56.3,2017,DET,0.51,24,0,4,86,39,2,7,2017,32.2,100,53,8,91.2,0,88.9,0,76.5,42.1,51,0,19.8,11.6,DET,0,86,0,TE,70.1,18,14,104,121,6.6,Anthony Firkser,53.8,11,2,14,4.8,0.19,0,51837,0
9,,58.5,0,56.5,2021,JAX,0.94,25,0,2,81,0,1,6,2021,0,100,46,3,11.6,2,33.3,25,36.2,51,26,0,49,0,JAX,0,96.1,1,WR,73.3,18,0,49,51,15.3,Austin Trammell,42.9,15,1,0,15.6,-0.23,0,52195,0
9,22.4,56,3.7,60.3,2022,NYJ,0.93,9,0,3,84,22,5,7,2022,34.9,60,52,7,90.7,0,77.8,0,75.6,49.2,31,0,14.3,11.1,NYJ,0,88.9,0,TE,69.5,17,7,56,63,7.4,Stone Smartt,25.4,22,3,26,4.8,-0.6,0,60492,0
9,41.7,47.7,2,40.4,2020,HST,0.42,2,0,2,88,78,1,14,2020,78.8,0,28,5,61.3,0,55.6,0,74.6,15.2,15,0,2,29.3,HST,0,67.7,0,TE,68.8,9,29,67,99,5.6,Harrison Bryant,33.3,13,0,10,7.8,-0.43,0,26394,0
9,,62.3,1.2,62.1,2016,WAS,1.23,42,0,2,12,0,4,3,2016,0,25,53,5,72.9,0,55.6,0,73.4,12.5,6,0,87.5,0,WAS,0,89.6,0,WR,68,17,0,43,48,10.6,Robbie Chosen,53.5,32,1,6,14.2,0.03,1,11254,0
8,86.2,50,7.3,53.6,2021,DEN,0.83,17,0,3,46,12,0,17,2021,13.3,,53,6,92.2,0,75,14.3,49.2,6.7,6,0,18.9,27.8,DEN,0,71.1,1,FB,75.3,14,25,64,90,8.8,Adam Prentice,51.1,10,0,44,2,0.13,0,35639,0
8,,60.2,3,62.8,2018,HST,0.8,18,0,3,17,0,1,3,2018,0,0,37,6,83.9,0,75,0,74.6,62.7,32,1,35.3,0,HST,0,90.2,0,WR,75.5,14,0,46,51,6.2,Braxton Berrios,54.3,13,0,18,2.9,0.24,3,47961,0
8,5.3,69.3,11.8,39.5,2024,MIA,1.1,1,0,2,05,0,1,9,2024,0,0,44,5,77.1,0,62.5,28.6,29.2,20.5,9,0,2.3,2.3,MIA,0,90.9,2,HB,29.5,18,1,40,44,8.8,Jaylen Wright,43.9,17,0,59,-3.3,-0.07,1,146934,0
8,,63.6,5.4,62.3,2022,SF,1.1,62,0,5,09,0,1,15,2022,0,100,87,5,59.9,1,62.5,0,73.4,25.3,21,0,74.7,0,SF,0,95.2,0,WR,90.1,23,0,79,83,17.4,Skyy Moore,50.6,28,1,27,15.5,-0.21,2,97116,0
8,36.8,66.7,5.4,76.3,2019,DAL,1.2,1,0,0,24,0,0,4,2019,0,,30,8,82.3,0,100,0,77.3,0,0,0,2.4,33.3,DAL,0,59.5,0,HB,29.2,9,14,25,42,3.8,Miles Sanders,50,9,0,43,-1.6,0.15,3,40555,0
8,50.1,59.7,10.6,63.5,2019,CLV,1.06,4,0,2,38,5,0,5,2019,7.6,,55,8,95.3,0,100,0,76.5,3,2,0,6.1,18.2,CLV,0,78.8,0,HB,79.1,26,12,52,66,6.9,Trayveon Williams,39.1,8,0,85,-3.8,-0.36,0,45775,0
8,,76.3,3.8,77.6,2024,BLT,2.23,55,0,5,81,0,1,9,2024,0,0,136,6,156.3,0,75,0,74.6,17.9,12,1,82.1,0,BLT,0,91,0,WR,68.8,38,0,61,67,22.7,Devontez Walker,55.7,3,0,23,27,0.5,0,145773,3
8,58.3,56.4,4.6,47.6,2020,ATL,0.38,10,0,2,89,113,1,17,2020,49.8,100,48,8,91.7,0,100,0,76.5,7.9,18,1,4.4,41,ATL,1,55.5,0,TE,70.1,18,93,126,227,6,Charlie Woerner,53.1,2,1,37,1.4,0.18,3,42257,0
8,,49.5,4.3,54.3,2021,BLT,0.51,58,0,3,16,0,2,11,2021,0,0,45,4,106.8,0,50,0,41.6,38.3,36,2,61.7,0,BLT,0,93.6,0,WR,73.2,15,0,88,94,11.3,Tylan Wallace,46.6,3,0,17,14.9,-0.1,1,61577,1
7,46,53.9,3.5,54.3,2021,JAX,0.74,14,0,4,80,60,0,10,2021,61.9,,55,6,139,0,85.7,0,49.7,22.7,22,1,14.4,16.5,JAX,0,76.3,0,TE,68.8,14,16,74,97,9.2,Quintin Morris,48.9,15,0,21,7.7,-0.14,0,61182,1
7,54,60.6,4.8,61,2023,ATL,0.85,66,0,4,86,5,1,11,2023,4.7,100,86,6,117.9,0,85.7,14.3,49.7,33.6,36,2,61.7,1.9,ATL,0,94.4,1,WR,68.8,37,2,101,107,14.3,Malik Heath,52.4,2,1,29,9.3,0.25,2,124173,0
7,67,56.2,10,59.5,2017,WAS,0.95,1,0,2,30,0,1,2,2017,0,0,38,5,84.2,0,71.4,0,74.6,26.9,14,1,1.9,19.2,WAS,0,76.9,0,HB,76.3,15,10,40,52,7.6,Austin Ekeler,46,32,0,50,1.4,-0.13,2,12164,0
7,52.9,62.4,7,82.6,2024,SEA,1.32,0,0,2,36,3,0,4,2024,6,,49,6,95.8,0,85.7,0,74.6,2,1,0,0,26,SEA,0,74,0,HB,44.9,13,13,37,50,8.2,George Holani,50,29,0,42,1.1,0.22,2,72154,0
7,60.3,54.2,4.3,54.3,2023,GB,0.49,16,0,2,81,65,0,9,2023,60.7,,43,6,131.8,0,85.7,0,74.6,21.5,23,1,15,13.1,GB,0,82.2,0,TE,68.8,21,14,88,107,7.2,Josh Whyle,56.4,12,0,26,3.4,0.3,1,54037,1
7,79.7,62.4,9.6,40.9,2023,DEN,0.71,3,0,2,38,0,0,10,2023,0,,29,5,78.9,0,71.4,28.6,29.2,2.2,1,0,6.5,10.9,DEN,0,89.1,2,HB,46.4,17,5,41,46,5.8,Jaleel McLaughlin,43.5,10,0,48,-3.3,-0.18,2,138346,0
7,80.5,79.2,5.9,74.5,2024,HST,1.36,3,0,2,26,0,0,4,2024,0,,34,7,86.9,0,100,0,75.6,8.8,3,0,8.8,20.6,HST,0,73.5,0,HB,82.3,14,7,25,34,4.9,Jawhar Jordan,48.4,13,0,41,-1,0.09,2,99595,0
6,56.7,48.3,5.4,42,2022,LAC,0.53,5,0,1,42,78,1,11,2022,85.7,0,31,5,88.2,0,83.3,16.7,45.8,5.5,5,1,5.5,29.7,LAC,0,64.8,1,TE,68,12,27,59,91,6.2,Tucker Fisk,45.3,27,0,27,1.3,-0.06,0,52286,0
6,76,67.7,6.3,61.6,2021,PIT,1.19,34,0,4,15,0,0,15,2021,0,,69,4,145.1,0,66.7,0,72.1,46.9,30,0,53.1,6.3,PIT,0,90.6,0,WR,67,22,4,58,64,17.3,Ben Skowronek,58.1,25,0,25,11.2,0.34,0,27948,1
6,,59.7,6,59.6,2023,ARZ,0.7,58,0,3,86,0,1,6,2023,0,100,51,3,79.2,0,50,25,36.2,24.7,19,0,75.3,0,ARZ,0,94.8,1,WR,23,20,0,73,77,17,Jalen Brooks,32.9,1,1,18,10.8,-0.27,2,111284,0
6,,47.6,3.5,50.3,2025,NYG,0.52,39,0,1,81,0,0,7,2025,0,,25,2,7.6,1,33.3,0,68.3,30.4,17,1,69.6,0,NYG,0,85.7,0,WR,64,18,0,48,56,12.5,Beaux Collins,39.6,21,0,7,12.5,-0.08,0,144112,0
6,57.7,51.6,7,58.4,2022,LV,0.8,1,0,0,03,0,0,5,2022,0,,24,4,74.3,0,66.7,0,72.1,0,0,0,2.1,25.5,LV,0,63.8,0,HB,79.8,9,12,30,47,6,Zamir White,43.9,23,0,28,-1.5,0.15,0,83665,0
6,,56.1,4.8,55.8,2024,TB,1.49,26,0,3,19,0,0,10,2024,0,,64,4,102.1,1,66.7,20,41.6,40.9,18,0,59.1,0,TB,0,97.7,1,WR,90,34,0,43,44,16,Kameron Johnson,41.9,30,0,19,11.7,0,0,165866,1
6,,68.1,2,65.4,2021,MIA,1.07,41,0,3,82,0,2,12,2021,0,100,62,4,100.7,0,66.7,0,72.1,32.8,20,0,67.2,0,MIA,0,95.1,0,WR,31.6,40,0,58,61,15.5,D'Wayne Eskridge,29.3,17,2,8,13,-0.29,0,29573,0
6,,72.2,6.8,72.7,2020,LV,1.5,0,0,2,86,13,1,1,2020,52,0,36,5,91.7,0,83.3,0,73.4,48,12,0,0,0,LV,0,96,0,TE,68,16,0,24,25,7.2,Albert Okwuegbunam,54.2,23,0,34,3.8,0.23,2,41933,0
6,85.4,58.2,2,55.5,2022,IND,0.52,11,0,2,85,67,2,15,2022,67.7,50,27,4,116,0,66.7,0,72.1,17.2,17,0,11.1,40.4,IND,0,52.5,0,TE,67,11,40,52,99,6.8,Andrew Ogletree,49.4,14,1,8,7.7,-0.08,0,138351,1
6,,71.5,2.7,70.9,2025,TEN,1.86,7,0,3,87,0,2,2,2025,0,0,41,3,72.2,0,50,0,73.4,70.8,17,0,29.2,0,TEN,0,91.7,0,WR,68,15,0,22,24,13.7,Xavier Restrepo,31.8,31,0,8,13.3,-0.1,0,122220,0
5,59.3,44.8,0.5,38.8,2023,CLV,0.04,11,1,0,86,72,2,14,2023,57.6,0,4,2,47.9,0,40,0,68.3,28,35,1,8.8,18.4,CLV,0,77.6,0,TE,13.3,4,23,97,125,2,Blake Whiteheart,30.3,8,0,1,7.4,-0.44,0,77881,0
5,42.6,44,0.7,49.7,2021,DET,0.25,19,0,1,84,43,2,5,2021,41.7,100,20,3,68.8,0,60,0,70.5,39.8,41,1,18.4,17.5,DET,0,78.6,0,TE,65.8,11,18,81,103,6.7,Shane Zylstra,37.8,11,2,2,8.2,-0.03,0,143786,0
5,,53,3,53.1,2024,MIA,0.97,29,1,1,84,0,2,6,2024,0,50,37,3,43.3,1,60,0,70.5,27.5,11,0,72.5,0,MIA,0,95,0,WR,13.9,19,0,38,40,12.3,Tahj Washington,26.3,17,1,9,23.6,-0.37,0,97288,0
5,32.3,60.7,3.8,63.6,2023,SEA,0.93,39,0,3,19,0,1,14,2023,0,100,53,4,150.4,0,80,0,72.1,36.1,22,1,63.9,4.9,SEA,0,93.4,0,WR,67,17,3,57,61,13.3,Jake Bobo,37.3,29,1,15,8.4,-0.36,0,77997,1
5,75.6,54.3,1.3,67.9,2023,MIN,0.88,7,0,2,89,27,2,6,2023,64.3,50,30,3,77.1,0,60,0,70.5,19,8,1,16.7,16.7,MIN,0,81,0,TE,65.8,18,7,34,42,10,Ben Sims,50,18,1,4,9.2,0.02,0,77918,0
5,57.2,73,4.3,77.8,2024,TEN,1.07,6,0,3,88,23,2,11,2024,60.5,50,30,4,131.3,0,80,0,72.1,21.1,8,0,15.8,21.1,TEN,0,73.7,0,TE,67,14,8,28,38,7.5,David Martin-Robinson,37.1,31,1,17,6.6,-0.2,1,77892,1
5,81.4,65.8,4,57.5,2017,SEA,0.37,3,0,2,81,97,0,14,2017,74.6,,31,4,92.5,0,80,0,73.4,15.4,20,2,2.3,32.3,SEA,0,64.6,0,TE,68,12,42,84,130,7.8,Eric Saubert,59.7,29,0,16,6,0.49,0,11929,0
5,71.6,51.3,2.5,51.8,2021,CLV,0.55,4,0,1,87,11,1,2,2020,50,0,11,2,8.3,1,40,33.3,29.9,31.8,7,0,18.2,4.5,CLV,0,90.9,1,TE,64,6,1,20,22,5.5,Sal Cannella,38.1,8,0,5,11.8,-0.34,0,60853,0
5,50,60.3,3,43,2022,DAL,0.3,1,0,0,43,0,1,9,2022,0,0,16,2,48.8,0,40,33.3,36.2,2.3,2,0,1.1,35.2,DAL,0,60.2,1,HB,83.3,10,31,53,88,8,Malik Davis,54.8,9,0,6,3.6,0.2,0,57196,0
5,65.4,57,2.3,64.6,2024,CLV,1.6,2,0,3,82,45,2,8,2024,88.2,50,48,4,106.7,0,80,20,41.6,5.9,3,0,3.9,39.2,CLV,0,58.8,1,TE,67,19,20,30,51,12,Brenden Bates,40.8,8,1,9,8,-0.31,1,53746,0
5,57.4,74,7,72.9,2023,NO,1,1,0,1,05,0,1,7,2023,0,100,30,5,91.7,0,100,0,74.6,7.4,4,0,1.9,35.2,NO,0,55.6,0,HB,85.5,11,19,30,54,6,Kendre Miller,54.2,20,1,35,-1,0.05,1,123091,0
5,,73.8,1.3,73.4,2023,LV,3.11,9,0,2,04,0,1,5,2023,0,0,56,4,152.9,0,80,0,72.1,52.6,10,0,47.4,0,LV,0,94.7,0,WR,68.3,25,0,18,19,14,Shedrick Jackson,50,23,0,5,16.6,0.09,0,84136,1
5,,68.7,0,69.4,2020,CHI,1.04,14,0,1,12,1,3,6,2020,3.8,66.7,26,2,57.1,0,40,0,70.5,38.5,10,0,53.8,0,CHI,0,96.2,0,WR,90.4,24,0,25,26,13,Devin Duvernay,44,6,2,0,16.2,0.26,0,40006,0
5,77.8,46.8,4.3,49.9,2018,ARZ,0.27,56,0,1,81,2,0,12,2018,2.3,,21,3,69.6,0,60,0,70.5,34.1,30,2,63.6,4.5,ARZ,0,87.5,0,WR,65.8,15,4,77,88,7,Trent Sherfield,43.2,1,0,13,8.6,0.06,0,48021,0
5,46.9,45.8,3,44.4,2024,ARZ,0.51,4,0,1,87,39,2,4,2024,81.3,0,18,3,67.1,0,60,25,36.8,6.3,3,1,8.3,20.8,ARZ,0,72.9,1,TE,65.8,10,10,35,48,6,Tip Reiman,44.4,1,0,9,4.8,-0.06,1,129423,0
4,,53.2,4,51.5,2023,DAL,0.61,34,0,1,81,0,1,6,2023,0,0,25,1,53.1,0,25,50,28.9,20.9,9,0,79.1,0,DAL,0,95.3,1,WR,61.2,25,0,41,43,25,Jonathan Mingo,41.5,9,0,4,14.3,-0.22,0,97774,0
4,73.6,78.3,7.3,74.2,2022,CAR,1.87,1,0,2,85,12,1,5,2022,60,0,28,3,93.8,0,75,0,70.5,25,5,0,5,20,CAR,0,75,0,TE,65.8,11,4,15,20,9.3,James Mitchell,61.1,5,0,22,2.5,-0.32,0,77885,0
4,71.8,70.5,11,73.2,2025,NE,2.32,36,0,4,86,2,1,8,2025,4.3,100,95,4,158.3,0,100,0,72.1,19.1,9,0,76.6,4.3,NE,0,87.2,0,WR,80.8,35,2,41,47,23.8,Efton Chism III,61.4,19,1,44,13.5,0.57,0,141521,1
4,59.1,50.5,3.5,49.2,2023,LAC,0.29,10,0,1,44,49,0,17,2023,44.5,,12,4,118.8,0,100,0,72.1,22.7,25,1,9.1,61.8,LAC,1,38.2,0,FB,67,5,68,42,110,3,Scott Matlock,49.1,27,0,14,-0.5,0.05,0,82482,1
4,70.5,73.6,6,65.3,2025,BUF,0.95,7,0,3,83,23,1,5,2025,52.3,100,35,4,103.1,0,100,0,72.1,31.8,14,0,15.9,11.4,BUF,0,84.1,0,TE,67,14,5,37,44,8.8,Keleki Latu,50,4,1,24,2.8,0.31,2,146291,0
4,44.2,58.5,4.3,57.2,2022,LAC,0.31,2,0,0,28,0,0,8,2022,0,,13,4,80.2,0,100,0,72.1,3.3,2,0,3.3,28.3,LAC,0,70,0,HB,79.8,9,17,42,60,3.3,Hassan Haskins,55.2,27,0,17,-1,0.14,1,83701,0
4,,45.6,3.5,46.2,2020,ARZ,0.11,43,0,0,82,0,0,4,2020,0,,8,2,56.3,0,50,33.3,29.9,40.3,29,0,59.7,0,ARZ,0,98.6,1,WR,75.4,5,0,71,72,4,Andre Baccellia,38,1,0,7,1.5,-0.23,1,47901,0
4,13.4,80.4,13,46.3,2023,PHI,0.59,4,0,1,37,0,0,13,2023,0,,32,3,97.9,0,75,25,36.8,7.6,5,1,6.1,16.7,PHI,1,81.8,1,HB,86.4,31,11,54,66,10.7,Tank Bigsby,50,24,0,39,-1.5,0.06,4,123974,0
4,,65.2,19,67.5,2020,SEA,2,27,0,2,82,0,0,9,2020,0,,90,3,116.7,1,75,0,70.5,42.6,20,0,57.4,0,SEA,0,95.7,0,WR,71.9,60,0,45,47,30,Cody White,53.3,29,0,57,10.3,0.39,2,61448,1
4,47.7,73.5,9.3,54.5,2023,WAS,0.34,5,0,1,36,0,0,13,2023,0,,30,3,56.3,1,75,0,70.5,7.8,9,1,4.3,19.8,WAS,0,75,0,HB,88.5,18,23,87,116,10,Chris Rodriguez Jr.,49.5,32,0,28,3.8,0.13,2,83689,0
4,75.2,62.3,0,59.7,2023,NYG,1.1,26,0,1,09,0,1,12,2023,0,100,34,2,118.8,0,50,0,68.3,27.8,10,1,72.2,8.3,NYG,0,86.1,0,WR,64,20,3,31,36,17,Ryan Miller,50,21,1,0,17.8,0.35,0,78734,1
4,,74.5,0.5,71.8,2023,NO,1.05,17,0,1,85,0,0,1,2023,0,,23,2,107.3,0,50,0,68.3,22.7,5,0,77.3,0,NO,0,100,0,WR,64,16,0,22,22,11.5,Ronnie Bell,40.9,20,0,1,22,0.17,0,84288,1
4,,48.1,1.5,48.5,2022,DEN,0.48,4,0,0,85,14,1,3,2022,42.4,100,15,2,59.4,0,50,0,68.3,45.5,15,0,12.1,0,DEN,0,93.9,0,TE,64,9,0,31,33,7.5,Lucas Krull,45.2,10,1,3,5,-0.24,0,83962,0
4,,57.5,9.5,57.3,2022,PHI,0.74,12,0,2,18,0,1,2,2022,0,0,20,2,64.6,0,50,33.3,30,57.1,16,0,42.9,0,PHI,0,96.4,1,WR,32.6,12,0,27,28,10,Britain Covey,44.4,24,0,19,2.5,-0.38,0,32933,0
4,68.3,50.1,1.7,53.5,2020,ARZ,0.37,11,0,2,45,32,1,10,2020,52.5,0,21,3,126,0,75,0,70.5,26.2,16,0,18,3.3,ARZ,0,93.4,0,TE,65.8,8,2,57,61,7,Josiah Deguara,49.2,1,0,5,5.5,0.04,0,47034,1
4,,66.6,1,66.8,2019,DET,1.2,11,0,2,85,0,1,3,2019,0,100,36,4,104.2,0,100,0,72.1,64.5,20,0,35.5,0,DET,0,96.8,0,WR,80.2,23,0,30,31,9,Tom Kennedy,56.7,11,1,4,8,0.28,0,94379,0
4,66,61.8,9,67.5,2022,MIN,0.69,0,0,1,32,0,0,2,2022,0,,11,3,77.1,0,75,0,70.5,0,0,0,0,22.7,MIN,0,72.7,0,HB,78.2,11,5,16,22,3.7,Ty Chandler,45,18,0,27,-5,0.22,0,62942,0
4,,55.7,4.3,56.3,2018,HST,0.91,9,0,1,84,0,1,3,2018,0,100,30,3,95.8,0,75,0,36.2,75,27,0,25,0,HST,0,91.7,0,WR,65.8,15,0,33,36,10,Justin Watson,45.5,13,1,13,10.3,0.13,0,66915,0
4,57.7,74.3,2,61.1,2022,PIT,1.11,6,0,1,83,6,1,14,2022,21.4,100,21,3,126,0,75,0,70.5,25,7,0,21.4,25,PIT,0,67.9,0,TE,76.7,12,7,19,28,7,Connor Heyward,46.2,25,1,6,9.8,-0.21,0,57301,1
4,45.2,65.9,3.3,56.8,2021,LAC,0.18,3,0,1,32,2,0,6,2021,3.1,,8,3,77.1,0,75,0,70.5,0,0,0,4.6,23.1,LAC,0,69.2,0,HB,82.7,4,15,45,65,2.7,Jaret Patterson,38.3,27,0,10,-0.8,-0.27,0,77745,0
4,,60.5,1.5,60.2,2020,TEN,1.09,25,0,2,12,0,1,7,2020,0,100,48,2,93.8,0,50,0,68.3,45.7,21,0,54.3,0,TEN,0,95.7,0,WR,67.1,34,0,44,46,24,Mason Kinsey,36.4,31,1,3,22.5,-0.19,0,115664,0
4,77.5,73.6,4.3,74,2025,CLV,1.11,2,0,0,35,1,0,3,2025,4.2,,21,3,86.5,0,75,0,70.5,0,0,0,8.3,16.7,CLV,0,79.2,0,HB,79.4,10,4,19,24,7,Raheim Sanders,47.8,8,0,13,2.8,-0.09,3,146626,0
4,76.7,44.4,3.5,46.2,2018,DET,0.21,4,0,0,82,28,2,7,2016,62.2,0,7,2,56.3,0,50,0,68.3,22.2,10,0,8.9,20,DET,0,75.6,0,TE,64,4,9,34,45,3.5,Ross Dwelley,47.6,11,0,7,1.8,0.21,0,20994,0
4,,80,6.8,77.3,2021,DEN,3.85,3,0,3,83,0,1,4,2020,0,100,50,4,158.3,0,100,0,72.1,78.6,11,0,21.4,0,DEN,0,92.9,0,WR,76.2,20,0,13,14,12.5,Michael Bandy,53.8,10,1,27,5.8,0.29,0,91824,1
3,,60,4.7,59.3,2025,MIN,1.19,22,0,2,13,0,0,5,2025,0,,25,3,101.4,0,100,0,36.2,4.3,1,0,95.7,0,MIN,0,91.3,0,WR,74.4,10,0,21,23,8.3,Tai Felton,42.9,18,0,14,3.7,-0.05,0,144886,0
3,2.8,44.2,8.3,68.1,2024,LV,1.2,1,0,1,23,0,0,3,2024,0,,18,3,91.7,0,100,0,70.5,0,0,0,5.6,16.7,LV,0,83.3,0,HB,42.8,13,3,15,18,6,Dylan Laube,22.2,23,0,25,-2.3,-0.82,1,88664,0
3,79.6,60.5,4,56,2025,MIN,0.61,2,0,1,85,31,0,9,2025,79.5,,14,2,77.1,0,66.7,0,68.3,12.8,5,1,5.1,35.9,MIN,0,59,0,TE,64,9,14,23,39,7,Benjamin Yurosek,58.3,18,0,8,4,0.1,0,131786,0
3,76.7,45.4,1,47,2024,NE,0.12,25,0,1,37,15,0,21,2024,16.9,,8,2,70.1,0,66.7,33.3,30,2.2,2,1,28.1,19.1,NE,0,76.4,1,FB,64,8,17,68,89,4,Jack Westover,43.5,19,0,2,3,-0.03,0,84079,0
3,12.8,56,2.5,33.1,2025,ARZ,1,0,0,1,37,0,1,4,2025,0,100,15,2,78.5,0,66.7,33.3,29.9,0,0,0,0,16.7,ARZ,0,83.3,1,HB,75.4,11,3,15,18,7.5,Corey Kiner,58.8,1,1,5,4,0.18,0,86392,0
3,,66.7,6.7,66.6,2022,ATL,3,8,0,1,83,0,0,3,2022,0,,27,3,104.2,0,100,0,70.5,11.1,1,1,88.9,0,ATL,0,100,0,WR,80.9,19,0,9,9,9,Deven Thompkins,44.4,2,0,20,2.3,0.19,0,84480,0
3,51.4,59.4,10,41.1,2023,TB,0.15,6,0,1,87,79,0,17,2023,65.8,,11,1,45.1,0,33.3,50,28.9,25.8,31,3,5,34.2,TB,0,60,1,TE,61.2,11,41,72,120,11,Payne Durham,43.1,30,0,10,5.7,0.05,0,84037,0
3,75,52,5.5,53.3,2022,IND,0.36,2,0,0,31,0,0,8,2022,0,,8,2,70.1,0,66.7,0,68.3,12.5,3,0,8.3,4.2,IND,0,91.7,0,HB,74.8,8,1,22,24,4,Tyler Goodson,56.5,14,0,11,-1,0.11,0,101659,0
3,56,43.4,2.5,73.4,2022,NO,1.55,0,0,1,84,10,2,8,2022,37,50,17,2,81.3,0,66.7,0,68.3,7.4,2,1,0,55.6,NO,0,40.7,0,TE,64,14,15,11,27,8.5,Zaire Mitchell-Paden,61.5,20,1,5,6.7,0.17,0,145197,0
3,69.2,68.6,3.7,54.1,2025,CAR,0.65,2,0,1,23,0,0,10,2025,0,,13,3,84.7,0,100,0,70.5,43.5,10,0,8.7,4.3,CAR,0,87,0,HB,66.1,7,1,20,23,4.3,Trevor Etienne,42.9,5,0,11,0.7,0.35,2,157730,0
3,83.9,50.1,4.5,41.9,2024,NYJ,0.85,0,0,1,00,0,0,4,2024,0,,17,2,81.3,0,66.7,33.3,29.9,3.6,1,0,0,21.4,NYJ,0,71.4,1,HB,27.6,12,6,20,28,8.5,Braelon Allen,57.7,22,0,9,2.7,0.49,1,145159,0
3,,64.1,2,63.6,2019,BUF,0.31,11,0,1,16,0,1,2,2019,0,0,4,1,81.9,0,33.3,0,64.7,15.4,2,0,84.6,0,BUF,0,100,0,WR,18.4,4,0,13,13,4,Mecole Hardman Jr.,69.2,4,0,2,23,0.64,0,42683,1
3,,64.6,1,66.5,2019,LV,0.71,9,0,2,81,0,2,8,2019,0,50,12,2,74.3,0,66.7,0,68.3,50,9,1,50,0,LV,0,94.4,0,WR,84.8,9,0,17,18,6,Alex Bachman,47.1,23,1,2,4.7,-0.11,0,47996,0
3,,69.3,0.5,67.7,2022,SEA,2.18,20,0,2,83,0,2,9,2022,0,50,48,2,109.7,0,66.7,0,68.3,9.1,2,0,90.9,0,SEA,0,100,0,WR,76,36,0,22,22,24,Dareke Young,63.6,29,1,1,18.7,0.27,0,111900,0
3,,49.9,2,52.5,2025,KC,0.11,26,0,0,11,0,1,5,2025,0,100,4,2,70.1,0,66.7,0,68.3,31.6,12,0,68.4,0,KC,0,94.7,0,WR,66.8,2,0,36,38,2,Jalen Royals,25,16,1,4,7,-0.6,0,163442,0
3,78.2,55.1,8,51.9,2020,NE,0.33,2,0,0,04,0,1,5,2020,0,0,6,2,70.1,0,66.7,0,68.3,0,0,0,8.7,17.4,NE,0,78.3,0,HB,23.9,5,4,18,23,3,Antonio Gibson,54.5,19,0,16,-1.7,0.38,0,78050,0
3,,52.2,4,54,2023,LAC,0.17,43,0,0,12,0,0,10,2023,0,,10,2,71.5,0,66.7,0,70.5,28.3,17,0,71.7,0,LAC,0,96.7,0,WR,54.8,7,0,58,60,5,Derius Davis,25.9,27,0,8,10.7,-0.53,1,78196,0
3,77,61.8,9,31.9,2021,NYJ,0.22,1,0,0,31,0,0,3,2021,0,,4,1,42.4,0,33.3,50,28.8,0,0,0,3.2,38.7,NYJ,0,58.1,1,HB,76.5,4,12,18,31,4,Khalil Herbert,40,22,0,9,-4.3,-0.1,0,41668,0
3,71.3,54.7,3,45.8,2020,PHI,1.17,0,1,0,29,0,0,7,2020,0,,21,3,95.8,0,100,0,70.5,7.4,2,0,0,25.9,PHI,0,66.7,0,HB,23.8,11,7,18,27,7,AJ Dillon,52,24,0,9,4,0.24,0,57165,0
3,,67.9,0,66.5,2022,NO,0.38,6,0,0,89,0,0,1,2022,0,,3,1,2.8,1,33.3,0,64.7,25,2,0,75,0,NO,0,100,0,WR,61.2,3,0,8,8,3,Samori Toure,25,20,0,0,12.3,-1,0,25276,0
3,26.2,81.4,5,70.3,2021,LAC,1.39,1,0,1,22,0,0,3,2021,0,,25,3,101.4,0,100,0,70.5,0,0,0,4.2,20.8,LAC,0,75,0,HB,76.4,11,5,18,24,8.3,Najee Harris,52.2,27,0,15,3.3,0.29,2,57121,0
3,,61.3,0.5,60.8,2025,SF,1.73,10,0,1,17,0,1,4,2025,0,100,26,2,93.8,0,66.7,33.3,29.9,33.3,5,0,66.7,0,SF,0,100,1,WR,64,19,0,15,15,13,Jordan Watkins,33.3,28,1,1,14.3,0.08,0,122730,0
2,52.2,57.9,0.5,48.2,2017,ARZ,0.05,1,0,0,49,23,0,7,2017,82.1,,1,2,79.2,0,100,0,68.3,7.1,2,3,3.6,28.6,ARZ,0,71.4,0,TE,64,1,8,20,28,0.5,Pharaoh Brown,44.4,1,0,1,0,0.07,0,12247,0
2,23.2,41.7,2,49.3,2024,WAS,0.42,5,0,2,80,21,0,13,2024,41.2,,18,2,104.2,0,100,0,68.3,41.2,21,2,9.8,5.9,WAS,1,84.3,0,TE,64,14,3,43,51,9,Colson Yankoff,44.4,32,0,4,7,0.05,0,83589,0
2,,52,4,51.4,2024,IND,0.2,3,0,0,06,0,0,4,2024,0,,6,2,79.2,0,100,0,68.3,87.1,27,0,9.7,0,IND,0,96.8,0,WR,86.4,3,0,30,31,3,Anthony Gould,50,14,0,8,-1,0.11,0,97078,0
2,,70,0,57.1,2024,NO,0,1,4,0,02,0,0,9,2024,0,,0,1,16.7,1,50,0,,0,0,3,0.3,0,NO,0,0.6,0,QB,44.8,0,0,2,316,0,Spencer Rattler,47.3,20,0,0,2,-0.13,0,97408,0
2,,63.5,1,63.2,2023,HST,1.33,12,0,1,89,0,0,1,2023,0,,20,2,108.3,0,100,0,68.3,20,3,0,80,0,HST,0,100,0,WR,64,17,0,15,15,10,Jared Wayne,40,13,0,2,9,0.12,0,99691,0
2,,70.9,2.5,70.2,2022,WAS,1.53,15,0,1,13,0,0,3,2022,0,,23,2,114.6,0,100,0,68.3,6.3,1,0,93.8,0,WAS,0,93.8,0,WR,64,14,0,15,16,11.5,Tay Martin,66.7,32,0,5,9,0.59,0,61811,0
2,73,47.3,2,49.7,2022,NYJ,0.21,3,0,0,86,15,1,3,2022,62.5,0,4,1,56.3,0,50,0,64.7,20.8,5,0,12.5,16.7,NYJ,0,79.2,0,TE,61.2,4,4,19,24,4,Jelani Woods,52.2,22,0,2,5,-0.03,0,60509,0
2,,55.2,0,55.2,2025,GB,0.94,10,0,0,84,1,1,1,2025,5.9,100,15,2,97.9,0,100,0,68.3,35.3,6,0,58.8,0,GB,0,94.1,0,WR,70.4,8,0,16,17,7.5,Jakobie Keeney-James,37.5,12,1,0,7.5,-0.64,0,102578,0
2,,59.2,7,59,2023,NYG,1.5,0,0,0,88,0,0,3,2023,0,,6,2,79.2,0,100,0,68.3,100,4,0,0,0,NYG,0,100,0,WR,23.1,3,0,4,4,3,Xavier Gipson,25,21,0,14,-4,0.32,0,104136,0
2,26.3,60.8,,52.2,2022,TEN,0,2,0,0,36,0,0,7,2022,0,,0,0,39.6,0,0,,,0,0,0,9.1,13.6,TEN,0,86.4,0,HB,75.7,0,3,19,22,,Julius Chestnut,45.5,31,0,0,9,-0.25,0,109239,0
2,,58.7,7,62,2020,KC,1.29,0,0,0,26,0,0,1,2020,0,,9,2,85.4,0,100,0,68.3,0,0,0,0,0,KC,0,70,0,HB,72.3,7,0,7,10,4.5,Clyde Edwards-Helaire,71.4,16,0,14,-2.5,1.03,1,57279,0
2,23.8,52.2,0,53.6,2025,GB,0.3,2,0,0,49,12,1,2,2025,66.7,100,3,1,56.3,0,50,0,64.7,22.2,4,0,11.1,44.4,GB,0,55.6,0,TE,61.2,3,8,10,18,3,Drake Dabney,35.3,12,1,0,5.5,-0.53,0,122264,0
2,2.9,48.7,11,59.6,2025,CIN,0.45,1,0,0,25,0,0,7,2025,0,,9,1,22.9,1,50,0,64.7,4.3,1,0,4.3,13,CIN,0,87,0,HB,79.9,9,3,20,23,9,Tahj Brooks,39.1,7,0,11,-2,-0.51,0,123133,0
2,77,38.8,6.5,28.2,2024,CIN,1.4,1,1,0,85,3,0,4,2024,42.9,,7,2,81.3,0,100,0,68.3,14.3,1,0,14.3,28.6,CIN,0,71.4,0,TE,13.3,6,2,5,7,3.5,Cam Grandy,60,7,0,13,-3,0.56,0,134552,0
2,,80.7,11,60,2024,NE,2,0,12,0,10,0,0,21,2024,0,,2,1,56.3,0,50,0,,0,0,2,0,0,NE,0,0.1,0,QB,29.5,2,0,1,798,2,Drake Maye,51.7,19,0,11,1,0.18,0,143969,0
2,,71.7,11,79.9,2025,DAL,3.67,0,0,1,37,0,0,1,2025,0,,11,2,89.6,0,100,0,68.3,0,0,0,0,0,DAL,0,100,0,HB,70.9,10,0,3,3,5.5,Phil Mafah,66.7,9,0,22,-5.5,0.36,1,144123,0
2,15.4,52.2,,30.4,2025,IND,0,0,0,0,21,0,0,6,2025,0,,0,0,39.6,0,0,100,28,0,0,0,0,17.2,IND,0,75.9,1,HB,78.9,0,5,22,29,,DJ Giddens,29.6,14,0,0,-3,-0.61,0,144595,0
2,62.2,76.9,12.5,89.3,2024,CHI,5.5,1,3,2,18,0,0,19,2024,0,,22,2,152.1,0,100,0,68.3,0.1,1,10,0.1,0.1,CHI,0,0.5,0,QB,66,20,1,4,785,11,Caleb Williams,45.8,6,0,25,-1,0.06,0,144622,1
2,89.5,72.4,1,52.3,2020,BUF,0.67,10,0,1,41,13,0,19,2020,19.1,,24,2,116.7,0,100,0,68.3,17.6,12,0,14.7,41.2,BUF,0,52.9,0,FB,67.8,22,28,36,68,12,Reggie Gilliam,52.4,4,0,2,11,0.32,0,40951,0
2,74.7,45.3,2.5,50.1,2025,NO,0.45,2,0,0,80,22,0,4,2025,68.8,,10,2,87.5,0,100,0,68.3,25,8,1,6.3,25,NO,0,68.8,0,TE,64,6,8,22,32,5,Moliki Matavao,44.8,20,0,5,2.5,-0.21,0,146561,0
2,8.4,40.2,14,38.9,2025,PIT,0.56,0,0,0,20,0,0,9,2025,0,,9,1,62.5,0,50,50,28.8,11.1,2,1,0,11.1,PIT,0,88.9,1,HB,34.4,9,2,16,18,9,Kaleb Johnson,50,25,0,14,-4,0.15,0,156419,0
2,72.5,61.4,3.5,51.9,2016,MIN,0.21,1,0,1,30,10,0,11,2016,10.4,,11,2,89.6,0,100,0,68.3,7.3,7,0,1,39.6,MIN,0,55.2,0,FB,69,6,38,53,96,5.5,C.J. Ham,47.7,18,0,7,2,-0.08,0,11347,0
2,69.7,72.7,6,47,2015,NYG,0.47,0,0,0,85,58,0,16,2015,98.3,,7,1,58.3,0,50,0,64.7,1.7,1,1,0,72.9,NYG,0,25.4,0,TE,61.2,7,43,15,59,7,Chris Manhertz,52.7,21,0,6,6.5,0.05,0,10211,0
1,6.1,63.6,,52.1,2021,NYJ,0,1,0,0,34,0,0,3,2021,0,,0,0,39.6,0,0,,,13.3,2,0,6.7,13.3,NYJ,0,86.7,0,HB,81.6,0,2,13,15,,Kene Nwangwu,26.7,22,0,0,-6,-0.51,0,40547,0
1,,66.5,,52.1,2022,CHI,0,2,0,0,38,1,0,1,2022,11.1,,0,0,39.6,0,0,,,0,0,0,22.2,0,CHI,0,100,0,HB,71,0,0,9,9,,Brittain Brown,55.6,6,0,0,4,0.49,0,40399,0
1,,72.4,7,,2023,IND,,0,0,1,05,0,0,1,2023,0,,9,1,104.2,0,100,0,,0,0,0,0,0,IND,0,0,0,QB,70.1,9,0,0,2,9,Anthony Richardson,50,14,0,7,2,-0.58,0,124393,0
1,53,55.8,17,78.5,2019,CIN,21,1,0,1,61,2,0,5,2019,4.5,,21,1,118.8,0,100,0,64.7,0,0,0,2.3,97.7,CIN,0,2.3,0,T,61.2,21,43,1,44,21,Cody Ford,52.4,7,0,17,4,0.09,1,39805,0
1,,42.3,,43.1,2018,SF,0,7,0,0,81,0,0,3,2018,0,,0,0,39.6,0,0,100,27.9,22.2,2,0,77.8,0,SF,0,100,1,WR,,0,0,9,9,,Malik Turner,22.2,28,0,0,7,-0.15,0,48078,0
1,,40,,41.2,2019,ARZ,0,4,0,0,80,0,0,3,2019,0,,0,0,39.6,0,0,100,27.9,0,0,0,100,0,ARZ,0,100,1,WR,77.5,0,0,4,4,,Steven Sims,0,1,0,0,2,-0.43,0,48341,0
1,82.4,69.7,,42,2014,ATL,0,0,0,0,70,0,0,17,2014,0,,0,0,39.6,0,0,100,28,0,0,7,0,99.8,ATL,0,0.2,1,T,,0,609,1,610,,Jake Matthews,45.5,2,0,0,6,-0.02,0,8641,0
1,51.2,68.6,3,62.2,2017,BLT,0.29,3,0,0,42,37,0,11,2017,46.8,,8,1,100,0,100,0,64.7,2.5,2,2,3.8,60.8,BLT,1,35.4,0,FB,66.7,8,48,28,79,8,Patrick Ricard,54.1,3,0,3,5,0.23,0,48862,0
1,,73.6,0,90.3,2025,NYJ,3,0,0,1,27,0,1,1,2025,0,100,3,1,79.2,0,100,0,64.7,0,0,2,0,0,NYJ,1,100,0,S,61.2,3,0,1,1,3,Malachi Moore,100,22,1,0,3,2.89,0,123928,0
1,58.6,65.6,11,29.8,2022,GB,2,0,1,0,70,26,0,15,2022,17.9,,6,1,91.7,0,100,0,64.7,0,0,2,0,97.9,GB,0,2.1,0,T,18.4,6,142,3,145,6,Darian Kinnard,50.4,12,0,11,-5,0.14,2,51789,0
1,,72,3,66.7,2023,KC,2.63,5,0,1,81,0,0,6,2023,0,,21,1,118.8,0,100,0,64.7,44.4,4,0,55.6,0,KC,0,88.9,0,WR,89.6,21,0,8,9,21,Nikko Remigio,62.5,16,0,3,18,0.47,0,84150,0
1,,54.4,1,53.9,2025,CIN,0.38,9,0,0,12,0,0,6,2025,0,,5,1,87.5,0,100,0,64.7,30.8,4,0,69.2,0,CIN,0,100,0,WR,54.4,5,0,13,13,5,Ke'Shawn Williams,38.5,7,0,1,4,0.04,0,123406,0
1,,47.6,,53.2,2023,CIN,0,9,0,0,15,0,0,3,2023,0,,0,0,39.6,0,0,,,25,3,0,75,0,CIN,0,100,0,WR,89.5,0,0,12,12,,Charlie Jones,41.7,7,0,0,42,-0.06,0,55038,0
1,66,48.4,,36.7,2025,SEA,0,7,0,0,40,13,0,13,2025,19.4,,0,0,39.6,0,0,100,27.9,4.5,3,2,10.4,41.8,SEA,0,56.7,1,FB,,0,28,38,67,,Robbie Ouzts,54,29,0,0,0,-0.11,0,146594,0
1,22.8,44.1,,30.9,2020,JAX,0,2,0,0,20,0,0,3,2020,0,,0,0,39.6,0,0,100,27.9,11.8,2,0,11.8,23.5,JAX,0,76.5,1,HB,79.5,0,4,13,17,,DeeJay Dallas,41.2,15,0,0,-1,0.15,0,55632,0
1,,82.8,6,81.9,2025,NYJ,1.11,8,0,1,88,0,0,1,2025,0,,10,1,108.3,0,100,0,68.3,20,2,0,80,0,NYJ,0,90,0,WR,64,10,0,9,10,10,Quentin Skinner,33.3,22,0,6,4,-0.17,0,122579,0
1,,57.8,,29.1,2020,SEA,0,1,0,0,30,1,0,4,2020,20,,0,0,39.6,0,0,100,27.9,20,1,0,20,0,SEA,0,80,1,HB,72.5,0,0,4,5,,Cam Akers,40,29,0,0,-6,0.96,0,57206,0
1,,60.9,4,60.9,2024,BUF,3,1,0,0,20,0,0,1,2024,0,,6,1,91.7,0,100,0,64.7,0,0,0,50,0,BUF,0,100,0,HB,61.2,6,0,2,2,6,Frank Gore Jr.,100,4,0,4,2,0.54,0,121457,0
1,,52.5,,52.6,2023,KC,0,17,0,0,89,0,0,4,2023,0,,0,0,39.6,0,0,,,5.6,1,0,94.4,0,KC,0,88.9,0,WR,,0,0,16,18,,Jason Brownlee,37.5,16,0,0,14,-0.16,0,121451,0
1,,68,0,,2005,PIT,,0,6,0,08,0,1,17,2005,0,100,-9,1,79.2,0,100,0,,0,0,6,0,0,PIT,0,0,0,QB,52.9,-9,0,0,612,-9,Aaron Rodgers,42.5,25,1,0,-9,-0.06,0,2241,0
1,56,77.6,,54.9,2022,LA,0,0,0,0,20,0,1,3,2022,0,0,0,0,39.6,0,0,,,10,1,0,0,30,LA,0,60,0,HB,82.1,0,3,6,10,,Ronnie Rivers,22.2,26,0,0,4,-1.27,0,57208,0
1,70.4,58.6,,55.2,2021,KC,0,0,0,0,25,0,0,1,2021,0,,0,0,0,1,0,,,14.3,1,0,0,14.3,KC,0,57.1,0,HB,,0,1,4,7,,Elijah Mitchell,20,16,0,0,24,-0.43,0,57272,0
1,,57.6,,59.4,2025,IND,0,0,0,0,09,0,0,1,2025,0,,0,0,39.6,0,0,,,100,1,0,0,0,IND,0,100,0,WR,74.7,0,0,1,1,,Coleman Owen,0,14,0,0,3,-3.94,0,104969,0
1,18.3,37.8,,49.4,2020,DET,0,3,0,0,88,10,0,3,2020,66.7,,0,0,39.6,0,0,,,0,0,2,20,40,DET,0,60,0,TE,,0,6,9,15,,Giovanni Ricci,26.7,11,0,0,3,-0.22,0,13756,0
1,52.5,53.6,,59.4,2022,LAC,0,1,0,0,64,7,0,11,2022,2,,0,0,39.6,0,0,,,0.3,1,8,0.3,99.7,LAC,1,0.3,0,G,,0,345,1,346,,Trevor Penning,40.1,27,0,0,5,-0.28,0,59963,0
1,74.6,65.2,7,75.6,2024,NE,2.25,0,0,0,26,0,0,4,2024,0,,9,1,104.2,0,100,0,64.7,0,0,0,0,42.9,NE,0,57.1,0,HB,78.8,9,3,4,7,9,Terrell Jennings,42.9,19,0,7,2,0.35,0,102408,0
1,59.6,40.7,,28.7,2023,SEA,0,2,0,0,38,2,0,6,2023,15.4,,0,0,39.6,0,0,100,27.9,0,0,0,15.4,61.5,SEA,0,38.5,1,FB,,0,8,5,13,,Brady Russell,46.2,29,0,0,0,0.32,0,60876,0
1,41.3,60.2,,47.6,2025,SEA,0,0,0,0,89,23,1,8,2025,82.1,0,0,0,39.6,0,0,,,14.3,4,2,0,64.3,SEA,0,35.7,0,TE,,0,18,10,28,,Nick Kallerup,45.8,29,0,0,7,0.09,0,101679,0
1,55.3,59.1,0,46.9,2017,KC,0.03,8,0,0,85,29,0,14,2017,61.7,,1,1,79.2,0,100,0,64.7,21.3,10,0,17,21.3,KC,0,74.5,0,TE,61.2,1,10,35,47,1,Robert Tonyan,48.9,16,0,0,1,0,0,12193,0
1,,74,18,99.3,2015,NYG,33,0,1,1,19,0,0,3,2015,0,,33,1,158.3,0,100,0,64.7,0,0,1,0,0,NYG,0,1.3,0,QB,83.8,33,0,1,77,33,Jameis Winston,46.5,21,0,18,15,0.38,1,9434,1
1,55.8,55.8,,30.2,2024,CHI,0,2,0,0,79,10,0,17,2023,2.9,,0,0,39.6,0,0,100,27.9,0.3,1,7,0.6,98.2,CHI,0,1.8,1,T,,0,334,6,340,,Theo Benedet,47,6,0,0,4,0.06,0,169632,0
1,62.4,64.7,11,64.6,2021,JAX,1.5,8,0,1,13,0,0,4,2021,0,,15,1,118.8,0,100,0,64.7,27.3,3,0,72.7,9.1,JAX,0,90.9,0,WR,61.2,15,1,10,11,15,Tim Jones,45.5,15,0,11,4,-0.6,2,61669,0
1,65.4,51.8,0,49.5,2017,CAR,0.13,30,0,0,83,0,0,3,2017,0,,5,1,87.5,0,100,0,64.7,28.6,12,0,71.4,2.4,CAR,0,90.5,0,WR,69.6,5,1,38,42,5,David Moore,53.8,5,0,0,5,0.17,0,11981,0
1,84.9,92.7,1,90.4,2020,TB,2,0,0,1,78,0,0,12,2020,0,,2,1,118.8,0,100,0,64.7,0,0,5,0,99.8,TB,1,0.2,0,T,61.2,2,474,1,475,2,Tristan Wirfs,43.1,30,0,1,1,-0.08,0,64818,1
1,57.6,53.5,,58.1,2018,LV,0,0,0,0,65,1,1,12,2018,0.3,0,0,0,39.6,0,0,,,0,0,3,0,99.7,LV,0,0.3,0,C,,0,349,1,350,,Alex Cappa,37.2,23,0,0,6,-0.27,0,66578,0
1,82.1,56.9,10,52.5,2025,DAL,0.21,1,0,0,23,0,0,5,2025,0,,5,1,87.5,0,100,0,64.7,0,0,1,3.2,19.4,DAL,0,77.4,0,HB,39,5,6,24,31,5,Jaydon Blue,50,9,0,10,-5,-0.08,0,157303,0
1,,92.1,22,88.1,2025,WAS,8.33,2,0,1,84,0,0,1,2025,0,,25,1,118.8,0,100,0,64.7,33.3,1,0,66.7,0,WAS,0,100,0,WR,61.2,25,0,3,3,25,Jacoby Jones,100,32,0,22,3,3.2,0,157518,0
1,73.6,61.7,8,55.9,2024,KC,0.36,2,0,1,12,10,0,4,2024,66.7,,4,1,83.3,0,100,0,64.7,6.7,1,0,13.3,20,KC,0,73.3,0,TE,61.2,4,3,11,15,4,Jared Wiley,28.6,16,0,8,-4,-0.12,0,98508,0
1,71.9,78.7,6,90.1,2024,DEN,7,0,0,1,73,13,0,10,2024,54.2,,7,1,135.4,0,100,0,64.7,0,0,0,0,95.8,DEN,0,4.2,0,T,61.2,7,23,1,24,7,Frank Crum,47.8,10,0,6,1,0.18,0,75860,1
1,,77.1,,56.6,2024,DEN,0,1,3,0,10,0,1,18,2024,0,0,0,0,39.6,0,0,,,0,0,9,0.1,0,DEN,1,0.3,0,QB,73.1,0,0,2,773,,Bo Nix,46,10,0,0,2,0.08,0,97790,0
1,69.3,82,0,83.9,2023,IND,2.29,1,0,1,86,4,1,2,2023,50,100,16,1,118.8,0,100,0,64.7,37.5,3,0,12.5,12.5,IND,0,87.5,0,TE,61.2,16,1,7,8,16,Will Mallory,75,14,1,0,16,0.88,0,77888,0
1,91,90.4,,60,2017,DEN,0,0,0,0,72,1,0,19,2017,0.1,,0,0,39.6,0,0,,,0.1,1,7,0,99.9,DEN,1,0.1,0,T,,0,803,1,804,,Garett Bolles,45.4,10,0,0,8,0.05,0,11775,0
1,,76,-2,,2017,KC,,0,3,0,15,0,0,14,2017,0,,-10,1,79.2,0,100,0,,0,0,5,0,0,KC,0,0,0,QB,70.2,-10,0,0,636,-10,Patrick Mahomes,50,16,0,-2,-8,0.12,0,11765,0
1,,55.9,0,57.4,2024,TB,0.24,11,0,1,82,10,0,8,2024,34.5,,6,1,131.3,0,100,0,64.7,27.6,8,0,37.9,0,TB,0,86.2,0,TE,61.2,6,0,25,29,6,Devin Culp,36,30,0,0,12,-0.24,0,84080,1
1,66.5,53.6,,53.4,2023,SF,0,1,0,0,82,3,1,4,2023,50,0,0,0,39.6,0,0,,,33.3,2,0,16.7,16.7,SF,0,83.3,0,TE,,0,1,5,6,,Brayden Willis,50,28,0,0,2,0.02,0,77917,0
1,7.1,36.7,,27.5,2022,KC,0,0,0,0,25,0,0,2,2022,0,,0,0,39.6,0,0,100,27.9,0,0,0,0,22.2,KC,0,77.8,1,HB,77.1,0,2,7,9,,Dameon Pierce,44.4,16,0,0,-5,0.32,0,83659,0
1,65.8,75.1,4,58.3,2025,SF,1.17,0,0,1,29,0,0,1,2025,0,,7,1,95.8,0,100,0,64.7,14.3,1,0,0,14.3,SF,0,85.7,0,HB,71.1,7,1,6,7,7,Jordan James,28.6,28,0,4,3,-0.7,0,163295,0
1,27.5,51.5,9,49.9,2023,NO,0.17,6,0,0,34,0,0,6,2023,0,,6,1,91.7,0,100,0,64.7,0,0,0,12.2,18.4,NO,0,73.5,0,HB,79.8,6,9,36,49,6,Evan Hull,52.3,20,0,9,-3,-0.08,0,97302,0
1,61.9,58.2,3,46.3,2023,PIT,0.33,1,0,0,74,48,0,17,2023,24.5,,4,1,83.3,0,100,0,64.7,1,2,2,0.5,93.9,PIT,0,6.1,0,G,61.2,4,184,12,196,4,Spencer Anderson,40.1,25,0,3,1,-0.24,0,81719,0
1,,67.3,,55.2,2021,NYJ,0,0,3,0,07,0,1,9,2021,0,0,0,0,39.6,0,0,,,0,0,3,0,0,NYJ,0,0.7,0,QB,44.4,0,0,2,278,,Justin Fields,42.7,22,0,0,7,-0.13,0,82118,0
1,,52.8,2,52.9,2024,TEN,0.36,17,0,0,80,0,0,3,2024,0,,8,1,100,0,100,0,64.7,22.7,5,0,77.3,0,TEN,0,100,0,WR,61.2,8,0,22,22,8,Bryce Oliver,13.6,31,0,2,6,-0.71,0,84248,0
1,72.5,50.7,6,54.6,2025,LV,0.43,2,0,0,46,12,0,7,2025,66.7,,3,1,79.2,0,100,0,64.7,5.6,1,0,11.1,55.6,LV,0,38.9,0,TE,61.2,3,10,7,18,3,Carter Runyon,11.8,23,0,6,-3,-1.4,0,177002,0
1,33.7,52.4,5,66.9,2025,SF,,0,0,0,75,0,0,9,2025,0,,-1,1,79.2,0,100,0,67.6,0,0,4,0,100,SF,0,0,0,G,62.3,-1,281,0,281,-1,Connor Colby,50.9,28,0,5,-6,0.03,0,144862,0
1,,78.7,0,81.5,2019,TEN,1,0,0,1,98,0,0,1,2019,0,,1,1,118.8,0,100,0,64.7,0,0,10,0,0,TEN,2,100,0,DI,61.2,1,0,1,1,1,Jeffery Simmons,100,31,0,0,9,0.62,0,43742,1
1,,39.7,0,,2025,MIA,,0,2,0,14,0,1,4,2025,0,100,-6,1,79.2,0,100,0,,0,0,2,0,0,MIA,0,0,0,QB,29.5,-6,0,0,101,-6,Quinn Ewers,41.8,17,1,0,-6,-0.04,0,127253,0
