Name,Team,POS,playerStatsSnapsOffenseTotal,DropbacksTotal,AttemptsTotal,AttemptsCatchablePercentage,AttemptsInEndzoneTotal,CompletionsTotal,CompletionsPercentage,CompletionsAdjustedPercentage,CompletionsOverExpected,OpportunitiesTotal,YardsTotal,YardsPerAttempt,YardsAfterCatchPercentage,YardsAdjustedNetPercentage,YardsAirTotal,TouchdownsTotal,PlayActionLabel,PressuredLabel,PressuredTotal,PressuredPercentage,PressuredExpected,PressuredOverExpected,BlitzedLabel,RunPassOptionPercentage,DeepThrowAttemptsTotal,DeepThrowAttemptsPercentage,HeroThrowPercentage,TargetedReadFirstPercentage,TargetedReadCheckdownPercentage,ThrowAccuracyHighlyAccuratePercentage,AverageTimeToThrow,AverageTimeToPressure,AverageDepthOfTarget,PasserRating,TargetsContestedLabel,TargetsCatchableLabel,playerStatsFirstDownsPassing,playerStatsFantasyPointsNonPpr,playerStatsFantasyPointsPpr,playerStatsFantasyPointsHalfPpr,playerStatsFantasyPointsHalfPprRb,playerStatsFantasyPointsPprTe,playerStatsFantasyPointsDraftKings,playerStatsFantasyPointsFanDuel,playerStatsFantasyPointsCbs,playerStatsFantasyPointsNfl,playerStatsFantasyPointsEspn,playerStatsFantasyPointsYahoo,playerStatsFantasyPointsFfpc,playerStatsFantasyPointsNffc,playerStatsGamesPlayed,TowThrowPercentage
Kirk Cousins,ATL,QB,303,303,303,1,7,303,1,1,0.2311,303,3508,11.5776,0.486,12.7657,1816,18,No,No,57,0.1881,95.6604,-0.1276,Yes,0.0264,20,0.066,0.0594,0.6898,0.1254,0.7723,2.4053,2.4684,5.9934,134.7,Yes,Yes,163,212.32,212.32,212.32,212.32,212.32,215.32,215.32,212.32,212.32,212.32,212.32,247.4,247.4,14,
Mac Jones,JAX,QB,171,171,171,1,4,171,1,1,0.195,171,1672,9.7778,0.558,10.7135,764,8,No,No,27,0.1579,53.999,-0.1579,No,0.0409,5,0.0292,0.0292,0.7368,0.0819,0.7895,2.4053,2.4222,4.4678,123,Yes,Yes,77,98.88,98.88,98.88,98.88,98.88,101.88,101.88,98.88,98.88,98.88,98.88,115.6,115.6,10,
C.J. Stroud,HST,QB,337,336,336,1,13,336,1,1,0.2372,336,3727,11.0923,0.4529,12.2827,2110,20,Yes,No,65,0.1935,118.2618,-0.1585,No,0.0327,19,0.0565,0.0685,0.6518,0.125,0.7202,2.6155,2.5154,6.2798,132.7,No,Yes,187,229.08,229.08,229.08,229.08,229.08,232.08,232.08,229.08,229.08,229.08,229.08,266.35,266.35,17,
Jimmy Garoppolo,LA,QB,27,27,27,1,1,27,1,1,0.1958,27,334,12.3704,0.7186,13.8519,102,2,No,No,10,0.3704,9.4656,0.0198,No,0.1111,2,0.0741,0.037,0.6667,0.1481,0.8148,2.6074,2.49,3.7778,142.9,Yes,Yes,16,21.36,21.36,21.36,21.36,21.36,24.36,24.36,21.36,21.36,21.36,21.36,24.7,24.7,1,
Jacoby Brissett,NE,QB,95,95,95,1,1,95,1,1,0.1995,95,826,8.6947,0.5327,9.1158,394,2,Yes,No,25,0.2632,31.4758,-0.0682,Yes,0.0211,3,0.0316,0.0211,0.7368,0.1053,0.7368,2.4958,2.416,4.1474,109.9,No,Yes,41,41.04,41.04,41.04,41.04,41.04,44.04,44.04,41.04,41.04,41.04,41.04,49.3,49.3,8,
Kyle Allen,PIT,QB,1,1,1,1,,1,1,1,0.3722,1,19,19,0.3158,19,13,,No,No,,,0.2631,-0.2631,Yes,,,,,1,,1,2.1,,13,118.8,No,Yes,1,0.76,0.76,0.76,0.76,0.76,0.76,0.76,0.76,0.76,0.76,0.76,0.95,0.95,1,
Daniel Jones,NYG,QB,216,216,216,1,4,216,1,1,0.2095,216,2070,9.5833,0.4836,10.3241,1097,8,No,No,39,0.1806,65.198,-0.1213,No,0.0278,7,0.0324,0.0324,0.787,0.0602,0.6667,2.3245,2.3385,5.0787,118.9,No,Yes,106,114.8,114.8,114.8,114.8,114.8,117.8,117.8,114.8,114.8,114.8,114.8,135.5,135.5,10,0.0046
Josh Johnson,BLT,QB,2,2,2,1,,2,1,1,0.2674,2,17,8.5,0.0588,8.5,16,,No,No,1,0.5,0.6296,0.1852,No,,,,,0.5,,,2.4,2.1,8,102.1,No,No,1,0.68,0.68,0.68,0.68,0.68,0.68,0.68,0.68,0.68,0.68,0.68,0.85,0.85,6,
Joe Flacco,IND,QB,163,162,162,1,9,162,1,1,0.2386,162,1761,10.8704,0.3822,12.3519,1118,12,No,Yes,20,0.1235,50.1523,-0.1861,No,0.0494,12,0.0741,0.0617,0.716,0.1235,0.6852,2.3698,2.53,6.9012,136.7,Yes,Yes,87,118.44,118.44,118.44,118.44,118.44,121.44,121.44,118.44,118.44,118.44,118.44,136.05,136.05,8,
Kyler Murray,ARZ,QB,372,372,372,1,15,372,1,1,0.2105,372,3851,10.3522,0.5219,11.4812,1923,21,Yes,No,63,0.1694,116.5191,-0.1439,No,0.0269,19,0.0511,0.0565,0.6801,0.1505,0.6962,2.3909,2.4127,5.1694,128.6,No,Yes,191,238.04,238.04,238.04,238.04,238.04,241.04,241.04,238.04,238.04,238.04,238.04,276.55,276.55,17,
Tanner McKee,PHI,QB,30,30,30,1,1,30,1,1,0.2295,30,323,10.7667,0.4365,13.4333,185,4,No,Yes,11,0.3667,8.9955,0.0668,No,,1,0.0333,0.0333,0.7333,0.1333,0.7667,2.3133,2.1909,6.1667,151.1,No,Yes,17,28.92,28.92,28.92,28.92,28.92,31.92,31.92,28.92,28.92,28.92,28.92,32.15,32.15,2,
Jared Goff,DET,QB,392,390,390,1,15,390,1,1,0.2121,390,4629,11.8692,0.5628,13.7667,2086,37,No,No,62,0.159,123.2205,-0.157,No,0.0154,17,0.0436,0.059,0.7179,0.0872,0.7462,2.4067,2.5339,5.3487,147.7,No,Yes,236,339.86,340.86,340.36,340.86,340.86,343.86,343.36,340.86,340.86,340.86,340.36,387.15,387.15,17,0.0026
Caleb Williams,CHI,QB,351,351,351,1,12,351,1,1,0.2041,351,3541,10.0883,0.5417,11.2279,1695,20,No,No,51,0.1453,108.4214,-0.1636,No,0.0513,20,0.057,0.0541,0.7009,0.094,0.7407,2.3648,2.5412,4.8291,127.7,No,Yes,171,221.64,221.64,221.64,221.64,221.64,224.64,224.64,221.64,221.64,221.64,221.64,257.05,257.05,17,
Gardner Minshew,LV,QB,203,203,203,1,4,203,1,1,0.1969,203,2013,9.9163,0.5604,10.803,900,9,Yes,No,33,0.1626,57.8773,-0.1225,No,0.0542,8,0.0394,0.0099,0.7291,0.1133,0.665,2.2279,2.2636,4.4335,122.8,No,Yes,106,116.52,116.52,116.52,116.52,116.52,119.52,119.52,116.52,116.52,116.52,116.52,136.65,136.65,10,
Tua Tagovailoa,MIA,QB,291,291,291,1,8,291,1,1,0.1921,291,2867,9.8522,0.5999,11.1581,1175,19,No,No,47,0.1615,76.388,-0.101,No,0.0412,8,0.0275,0.0241,0.732,0.1168,0.7732,2.0966,2.2043,4.0378,129.5,No,Yes,161,190.68,190.68,190.68,190.68,190.68,193.68,193.68,190.68,190.68,190.68,190.68,219.35,219.35,11,
Brock Purdy,SF,QB,300,300,300,1,9,300,1,1,0.2545,300,3864,12.88,0.4273,14.2133,2249,20,No,No,64,0.2133,99.0932,-0.117,No,0.0167,21,0.07,0.0533,0.7267,0.0733,0.64,2.4893,2.6406,7.4967,141,No,Yes,178,234.56,234.56,234.56,234.56,234.56,237.56,237.56,234.56,234.56,234.56,234.56,273.2,273.2,15,
Justin Fields,PIT,QB,106,106,106,1,1,106,1,1,0.2116,106,1106,10.434,0.4783,11.3774,580,5,No,No,21,0.1981,37.2501,-0.1533,No,0.0189,6,0.0566,0.0189,0.6604,0.1887,0.7358,2.6123,2.5667,5.4717,125.9,No,No,45,64.24,64.24,64.24,64.24,64.24,67.24,67.24,64.24,64.24,64.24,64.24,75.3,75.3,10,
Nick Mullens,MIN,QB,3,2,2,1,,2,1,1,0.2895,2,38,19,0.4737,19,20,,No,No,1,0.5,0.5606,0.2197,No,,,,,1,,0.5,2.2,2,10,118.8,No,No,2,1.52,1.52,1.52,1.52,1.52,1.52,1.52,1.52,1.52,1.52,1.52,1.9,1.9,4,
Patrick Mahomes,KC,QB,392,392,392,1,15,392,1,1,0.1925,392,3928,10.0204,0.5922,11.3469,1667,26,No,No,63,0.1607,113.2284,-0.1281,No,0.1046,13,0.0332,0.0255,0.7015,0.0944,0.6735,2.2487,2.7349,4.2526,130.5,No,Yes,214,261.32,262.32,261.82,262.32,262.32,265.32,264.82,262.32,262.32,262.32,261.82,301.6,301.6,16,
Matthew Stafford,LA,QB,340,340,340,1,12,340,1,1,0.2257,340,3762,11.0647,0.4665,12.2412,2039,20,No,No,48,0.1412,108.6707,-0.1784,No,0.0265,24,0.0706,0.0676,0.7147,0.0794,0.7588,2.4279,2.3313,5.9971,132.4,No,Yes,176,230.48,230.48,230.48,230.48,230.48,233.48,233.48,230.48,230.48,230.48,230.48,268.1,268.1,16,
Aidan O'Connell,LV,QB,154,154,154,1,4,154,1,1,0.2207,154,1612,10.4675,0.456,11.5065,891,8,No,No,26,0.1688,45.5122,-0.1267,No,0.0325,14,0.0909,0.0714,0.6883,0.0649,0.7078,2.2883,2.2962,5.7857,127.6,No,Yes,78,96.48,96.48,96.48,96.48,96.48,99.48,99.48,96.48,96.48,96.48,96.48,112.6,112.6,9,
Tyson Bagent,CHI,QB,2,2,2,1,,2,1,1,0.1159,2,11,5.5,1,5.5,,,Yes,No,,,0.3191,-0.1595,No,0.5,,,,1,,1,1.5,,,89.6,No,Yes,1,0.44,0.44,0.44,0.44,0.44,0.44,0.44,0.44,0.44,0.44,0.44,0.55,0.55,4,
Geno Smith,SEA,QB,408,407,407,1,12,407,1,1,0.2155,407,4320,10.6143,0.5111,11.6462,2169,21,No,No,66,0.1622,128.0167,-0.1524,Yes,0.0319,28,0.0688,0.0541,0.6462,0.1081,0.7101,2.3981,2.503,5.3292,128.1,Yes,Yes,209,256.8,256.8,256.8,256.8,256.8,259.8,259.8,256.8,256.8,256.8,256.8,300,300,17,
Drake Maye,NE,QB,225,225,225,1,8,225,1,1,0.2061,225,2276,10.1156,0.5334,11.4489,1078,15,No,No,47,0.2089,66.2415,-0.0855,No,0.0489,10,0.0444,0.0533,0.7422,0.1333,0.7333,2.2818,2.2936,4.7911,131,No,No,112,151.04,151.04,151.04,151.04,151.04,154.04,154.04,151.04,151.04,151.04,151.04,173.8,173.8,13,
Justin Herbert,LAC,QB,332,332,332,1,13,332,1,1,0.2408,332,3870,11.6566,0.4421,13.0422,2221,23,No,No,55,0.1657,108.1991,-0.1602,No,0.0271,30,0.0904,0.0813,0.6657,0.1084,0.7681,2.4638,2.5255,6.6898,138.3,No,Yes,175,246.8,246.8,246.8,246.8,246.8,249.8,249.8,246.8,246.8,246.8,246.8,285.5,285.5,17,
Tyler Huntley,MIA,QB,86,86,86,1,1,86,1,1,0.2195,86,829,9.6395,0.4355,10.3372,468,3,No,No,17,0.1977,24.7958,-0.0906,No,0.0349,1,0.0116,,0.7558,0.0581,0.7442,2.2465,2.4235,5.4419,118.5,No,Yes,45,45.16,45.16,45.16,45.16,45.16,48.16,48.16,45.16,45.16,45.16,45.16,53.45,53.45,5,
Hendon Hooker,DET,QB,6,6,6,1,,6,1,1,0.2134,6,62,10.3333,0.4677,10.3333,33,,Yes,No,,,1.6473,-0.2746,No,,1,0.1667,,1,,0.5,2.1667,,5.5,109.7,No,Yes,3,2.48,2.48,2.48,2.48,2.48,2.48,2.48,2.48,2.48,2.48,2.48,3.1,3.1,3,
Marcus Mariota,WAS,QB,34,34,34,1,2,34,1,1,0.262,34,364,10.7059,0.3297,13.0588,256,4,No,No,1,0.0294,10.0822,-0.2671,Yes,0.1176,2,0.0588,0.0882,0.8235,,0.6176,2.2941,4.6,7.5294,150.5,Yes,Yes,22,30.56,30.56,30.56,30.56,30.56,33.56,33.56,30.56,30.56,30.56,30.56,34.2,34.2,3,
Carson Wentz,KC,QB,12,12,12,1,,12,1,1,0.1797,12,118,9.8333,0.6186,9.8333,45,,Yes,No,1,0.0833,2.4148,-0.1179,No,0.1667,,,0.0833,0.75,0.0833,0.6667,1.7417,2.6,3.75,107.6,No,Yes,5,4.72,4.72,4.72,4.72,4.72,4.72,4.72,4.72,4.72,4.72,4.72,5.9,5.9,3,
Dak Prescott,DAL,QB,185,185,185,1,7,185,1,1,0.2273,185,1978,10.6919,0.4833,11.8811,1049,11,No,No,39,0.2108,58.9108,-0.1076,No,0.027,13,0.0703,0.0595,0.7622,0.0919,0.6432,2.4211,2.4,5.6703,131,No,Yes,87,123.12,123.12,123.12,123.12,123.12,126.12,126.12,123.12,123.12,123.12,123.12,142.9,142.9,8,
Deshaun Watson,CLV,QB,137,137,137,1,5,137,1,1,0.1914,137,1148,8.3796,0.5331,9.1095,550,5,Yes,No,36,0.2628,47.3539,-0.0829,No,0.0146,4,0.0292,0.0146,0.7372,0.1168,0.6496,2.5788,2.3306,4.0146,113.7,No,Yes,49,65.92,65.92,65.92,65.92,65.92,68.92,68.92,65.92,65.92,65.92,65.92,77.4,77.4,7,
Spencer Rattler,NO,QB,131,130,130,1,4,130,1,1,0.2152,130,1317,10.1308,0.4913,10.7462,684,4,No,No,26,0.2,40.3203,-0.1102,No,0.0077,5,0.0385,0.0462,0.6846,0.1615,0.7462,2.3731,2.3731,5.2615,119.1,No,Yes,62,68.68,68.68,68.68,68.68,68.68,71.68,71.68,68.68,68.68,68.68,68.68,81.85,81.85,7,
Aaron Rodgers,NYJ,QB,368,368,368,1,15,368,1,1,0.2048,368,3897,10.5897,0.5584,12.1114,1788,28,Yes,Yes,59,0.1603,109.6536,-0.1376,No,0.0815,22,0.0598,0.0598,0.7038,0.106,0.7717,2.3024,2.4729,4.8587,136.2,No,Yes,192,267.88,267.88,267.88,267.88,267.88,270.88,270.88,267.88,267.88,267.88,267.88,306.85,306.85,17,
Mason Rudolph,TEN,QB,146,146,146,1,5,146,1,1,0.2254,146,1530,10.4795,0.4444,11.7123,883,9,Yes,No,34,0.2329,50.2561,-0.1113,No,0.0342,8,0.0548,0.0342,0.6781,0.1096,0.6781,2.5705,2.3794,6.0479,130.9,No,Yes,78,97.2,97.2,97.2,97.2,97.2,100.2,100.2,97.2,97.2,97.2,97.2,112.5,112.5,8,
Baker Mayfield,TB,QB,408,407,407,1,25,407,1,1,0.2191,407,4500,11.0565,0.5487,13.0713,2133,41,No,No,50,0.1229,127.0153,-0.1892,Yes,0.0246,21,0.0516,0.0442,0.715,0.1007,0.7494,2.3838,2.58,5.2408,146.3,No,Yes,224,344,344,344,344,344,347,347,344,344,344,344,389,389,17,
Tim Boyle,NYG,QB,27,27,27,1,1,27,1,1,0.2052,27,276,10.2222,0.558,10.963,123,1,No,No,2,0.0741,4.4976,-0.0925,No,0.0741,2,0.0741,,0.8148,,0.5185,1.5407,1.55,4.5556,121.6,No,Yes,11,15.04,15.04,15.04,15.04,15.04,15.04,15.04,15.04,15.04,15.04,15.04,17.8,17.8,3,
Mitchell Trubisky,BUF,QB,19,19,19,1,,19,1,1,0.1491,19,179,9.4211,0.8436,11.5263,28,2,Yes,No,4,0.2105,4.5495,-0.0289,No,0.0526,,,,0.8421,,0.8421,1.9632,2.3,1.4737,141,No,Yes,7,15.16,15.16,15.16,15.16,15.16,15.16,15.16,15.16,15.16,15.16,15.16,16.95,16.95,9,
Jordan Love,GB,QB,268,268,268,1,13,268,1,1,0.2302,268,3389,12.6455,0.5063,14.5112,1717,25,No,Yes,57,0.2127,84.6079,-0.103,No,0.0634,29,0.1082,0.0522,0.7127,0.1194,0.6567,2.4052,2.4754,6.4067,149.8,No,Yes,151,235.56,235.56,235.56,235.56,235.56,238.56,238.56,235.56,235.56,235.56,235.56,269.45,269.45,15,
Bryce Young,CAR,QB,235,234,234,1,11,234,1,1,0.2343,234,2403,10.2692,0.4128,11.5513,1458,15,No,Yes,41,0.1752,69.5577,-0.122,No,0.0214,21,0.0897,0.0641,0.7564,0.0726,0.735,2.2983,2.3,6.2308,130.8,No,Yes,117,156.12,156.12,156.12,156.12,156.12,159.12,159.12,156.12,156.12,156.12,156.12,180.15,180.15,14,
Derek Carr,NO,QB,190,189,189,1,8,189,1,1,0.2151,189,2145,11.3492,0.51,12.9365,1087,15,Yes,No,29,0.1534,59.8422,-0.1632,Yes,0.0159,13,0.0688,0.0529,0.6931,0.1429,0.7196,2.4106,2.5655,5.7513,140.4,No,Yes,93,145.8,145.8,145.8,145.8,145.8,148.8,148.8,145.8,145.8,145.8,145.8,167.25,167.25,10,
Tommy DeVito,NYG,QB,31,31,31,1,,31,1,1,0.1987,31,257,8.2903,0.4669,8.2903,137,,No,No,7,0.2258,8.1028,-0.0356,No,0.0323,,,,0.8065,0.129,0.6774,2.0903,2.4429,4.4194,101.2,No,Yes,15,10.28,10.28,10.28,10.28,10.28,10.28,10.28,10.28,10.28,10.28,10.28,12.85,12.85,3,
Joe Milton,NE,QB,22,22,22,1,,22,1,1,0.2656,22,241,10.9545,0.2822,11.8636,173,1,Yes,No,4,0.1818,8.2194,-0.1918,Yes,0.1364,1,0.0455,0.0455,0.8182,0.0909,0.8182,2.7409,2.975,7.8636,127.5,No,Yes,14,13.64,13.64,13.64,13.64,13.64,13.64,13.64,13.64,13.64,13.64,13.64,16.05,16.05,1,
Jameis Winston,CLV,QB,181,181,181,1,7,181,1,1,0.2557,181,2121,11.7182,0.3692,13.1547,1371,13,No,No,20,0.1105,53.9945,-0.1878,No,0.0276,12,0.0663,0.0773,0.7459,0.0663,0.674,2.3044,2.315,7.5746,139.4,No,Yes,103,136.84,136.84,136.84,136.84,136.84,139.84,139.84,136.84,136.84,136.84,136.84,158.05,158.05,12,
Sam Howell,SEA,QB,5,5,5,1,,5,1,1,0.1675,5,24,4.8,0.4167,4.8,14,,No,Yes,1,0.2,1.367,-0.0734,Yes,0.2,,,,0.6,0.2,1,2.16,2.8,2.8,86.7,No,Yes,1,0.96,0.96,0.96,0.96,0.96,0.96,0.96,0.96,0.96,0.96,0.96,1.2,1.2,2,
Clayton Tune,ARZ,QB,2,2,2,1,,2,1,1,0.1579,2,8,4,0.5,4,4,,No,No,,,0.2501,-0.125,No,,,,,1,,1,1.3,,2,83.3,No,No,,0.32,0.32,0.32,0.32,0.32,0.32,0.32,0.32,0.32,0.32,0.32,0.4,0.4,6,
Tyrod Taylor,NYJ,QB,17,17,17,1,2,17,1,1,0.1821,17,119,7,0.5378,10.5294,62,3,No,Yes,5,0.2941,4.5926,0.024,No,,,,0.0588,0.9412,,0.7647,2.1412,2.26,3.6471,135.4,No,Yes,9,16.76,16.76,16.76,16.76,16.76,16.76,16.76,16.76,16.76,16.76,16.76,17.95,17.95,2,
Michael Penix,ATL,QB,61,61,61,1,2,61,1,1,0.2679,61,775,12.7049,0.3587,13.6885,503,3,No,No,6,0.0984,17.2708,-0.1848,Yes,0.0656,7,0.1148,0.082,0.7541,0.0492,0.6721,2.2164,2.5667,8.2459,135.1,No,Yes,35,43,43,43,43,43,46,46,43,43,43,43,50.75,50.75,5,
Jake Haener,NO,QB,19,18,18,1,,18,1,1,0.237,18,226,12.5556,0.4469,13.6667,125,1,No,No,2,0.1111,4.4761,-0.1376,Yes,,1,0.0556,0.1111,0.8889,0.1111,0.7778,2.0167,2.2,6.9444,137.3,No,Yes,10,13.04,13.04,13.04,13.04,13.04,13.04,13.04,13.04,13.04,13.04,13.04,15.3,15.3,8,
Josh Allen,BUF,QB,308,307,307,1,13,307,1,1,0.2167,307,3731,12.1531,0.5596,13.9772,1695,28,No,No,52,0.1694,95.6949,-0.1423,No,0.0684,22,0.0717,0.101,0.6287,0.114,0.798,2.3821,2.4788,5.5212,147.7,No,No,173,267.94,267.94,267.94,267.94,267.94,270.94,270.94,267.94,267.94,267.94,267.94,305.25,305.25,17,
Drew Lock,NYG,QB,107,107,107,1,2,107,1,1,0.1923,107,1071,10.0093,0.6004,11.1308,442,6,No,Yes,31,0.2897,36.3401,-0.0499,No,0.028,3,0.028,0.028,0.7103,0.1028,0.8037,2.5439,2.4548,4.1308,127.1,No,Yes,45,66.84,66.84,66.84,66.84,66.84,69.84,69.84,66.84,66.84,66.84,66.84,77.55,77.55,7,
Skylar Thompson,MIA,QB,21,21,21,1,,21,1,1,0.2012,21,187,8.9048,0.4973,8.9048,94,,No,No,4,0.1905,6.1278,-0.1013,No,0.0476,,,,0.7619,0.1429,0.619,2.2667,2.025,4.4762,103.8,No,No,8,7.48,7.48,7.48,7.48,7.48,7.48,7.48,7.48,7.48,7.48,7.48,9.35,9.35,3,
Davis Mills,HST,QB,20,20,20,1,,20,1,1,0.2434,20,212,10.6,0.3349,10.6,141,,Yes,No,3,0.15,5.8993,-0.145,No,0.05,1,0.05,,0.75,0.05,0.75,2.285,2.5,7.05,110.8,Yes,Yes,9,8.48,8.48,8.48,8.48,8.48,8.48,8.48,8.48,8.48,8.48,8.48,10.6,10.6,4,
Malik Willis,GB,QB,40,40,40,1,,40,1,1,0.2364,40,550,13.75,0.5273,15.25,260,3,Yes,No,5,0.125,11.488,-0.1622,No,0.025,6,0.15,0.05,0.925,0.025,0.6,2.24,2.68,6.5,143.8,No,Yes,20,34,34,34,34,34,37,37,34,34,34,34,39.5,39.5,7,
Taylor Heinicke,LAC,QB,3,3,3,1,,3,1,1,0.2267,3,28,9.3333,0.3571,9.3333,18,,No,No,,,1.0652,-0.3551,No,,,,,0.3333,0.3333,0.6667,2.6333,,6,105.6,No,No,1,1.12,1.12,1.12,1.12,1.12,1.12,1.12,1.12,1.12,1.12,1.12,1.4,1.4,4,
Jalen Hurts,PHI,QB,248,248,248,1,14,248,1,1,0.2287,248,2903,11.7056,0.485,13.1573,1559,18,No,No,42,0.1694,89.3692,-0.191,No,0.0927,15,0.0605,0.0524,0.6815,0.121,0.7218,2.6641,2.5286,6.2863,139.6,No,Yes,139,188.12,188.12,188.12,188.12,188.12,191.12,191.12,188.12,188.12,188.12,188.12,217.15,217.15,15,
Cooper Rush,DAL,QB,187,187,187,1,11,187,1,1,0.2073,187,1844,9.861,0.5298,11.1444,939,12,No,No,26,0.139,49.1559,-0.1238,No,0.0374,9,0.0481,0.0374,0.738,0.0802,0.7005,2.0989,2.1731,5.0214,129.1,No,Yes,92,121.76,121.76,121.76,121.76,121.76,124.76,124.76,121.76,121.76,121.76,121.76,140.2,140.2,12,
Will Levis,TEN,QB,190,190,190,1,6,190,1,1,0.2251,190,2091,11.0053,0.4648,12.3737,1147,13,No,Yes,36,0.1895,59.3204,-0.1227,No,0.0368,17,0.0895,0.0579,0.7684,0.0895,0.7579,2.385,2.3778,6.0368,135.3,No,Yes,86,135.64,135.64,135.64,135.64,135.64,138.64,138.64,135.64,135.64,135.64,135.64,156.55,156.55,12,0.0105
Desmond Ridder,LV,QB,52,52,52,1,1,52,1,1,0.201,52,458,8.8077,0.4629,9.5769,247,2,No,No,12,0.2308,14.1616,-0.0416,No,0.0192,2,0.0385,0.0769,0.6923,0.1923,0.8077,2.1538,2.2917,4.75,116.2,No,Yes,24,26.32,26.32,26.32,26.32,26.32,29.32,29.32,26.32,26.32,26.32,26.32,30.9,30.9,5,
Trey Lance,DAL,QB,25,25,25,1,,25,1,1,0.2034,25,266,10.64,0.5677,10.64,115,,Yes,No,5,0.2,8.3012,-0.132,No,,,,,0.8,0.08,0.76,2.5,2.36,4.6,111,No,Yes,13,10.64,10.64,10.64,10.64,10.64,10.64,10.64,10.64,10.64,10.64,10.64,13.3,13.3,4,
Kyle Trask,TB,QB,1,1,1,1,,1,1,1,0.0587,1,5,5,1.6,5,-3,,No,No,,,0.0388,-0.0388,No,,,,,1,,1,0.8,,-3,87.5,No,No,,0.2,0.2,0.2,0.2,0.2,0.2,0.2,0.2,0.2,0.2,0.2,0.25,0.25,4,
Kenny Pickett,PHI,QB,25,25,25,1,1,25,1,1,0.2716,25,291,11.64,0.1924,13.24,239,2,No,Yes,6,0.24,7.2663,-0.0507,No,,4,0.16,0.08,0.68,0.08,0.76,2.26,2.3,9.56,141.8,Yes,Yes,12,19.64,19.64,19.64,19.64,19.64,19.64,19.64,19.64,19.64,19.64,19.64,22.55,22.55,5,
Mike White,BUF,QB,4,3,3,1,,3,1,1,0.0965,3,28,9.3333,1.1429,9.3333,-4,,No,No,,,0.5994,-0.1998,No,,,,,1,,1,1.7333,,-1.3333,105.6,No,Yes,1,1.12,1.12,1.12,1.12,1.12,1.12,1.12,1.12,1.12,1.12,1.12,1.4,1.4,1,
Dorian Thompson-Robinson,CLV,QB,61,61,61,1,,61,1,1,0.1701,61,440,7.2131,0.5864,7.2131,182,,No,No,4,0.0656,15.6838,-0.1915,No,0.0492,,,0.0164,0.6885,0.0656,0.6885,2.0656,3.775,2.9836,96.7,No,Yes,20,17.6,17.6,17.6,17.6,17.6,20.6,20.6,17.6,17.6,17.6,17.6,22,22,7,
Lamar Jackson,BLT,QB,316,316,316,1,26,316,1,1,0.2518,316,4172,13.2025,0.5026,15.7975,2228,41,Yes,No,59,0.1867,105.704,-0.1478,Yes,0.038,28,0.0886,0.0759,0.7089,0.0791,0.6962,2.5142,2.5169,7.0506,158.3,No,Yes,198,330.88,330.88,330.88,330.88,330.88,333.88,333.88,330.88,330.88,330.88,330.88,372.6,372.6,17,
Brandon Allen,SF,QB,17,17,17,1,1,17,1,1,0.2096,17,199,11.7059,0.5729,12.8824,94,1,No,No,1,0.0588,4.0751,-0.1809,No,,,,0.1176,0.7647,0.1176,0.8824,1.9647,1.9,5.5294,135,No,No,8,11.96,11.96,11.96,11.96,11.96,11.96,11.96,11.96,11.96,11.96,11.96,13.95,13.95,3,
Jayden Daniels,WAS,QB,331,331,331,1,20,331,1,1,0.2177,331,3568,10.7795,0.5078,12.29,1845,25,Yes,No,34,0.1027,93.314,-0.1792,No,0.0816,17,0.0514,0.0453,0.7523,0.0906,0.6888,2.2094,2.55,5.574,136.8,No,Yes,170,242.72,242.72,242.72,242.72,242.72,245.72,245.72,242.72,242.72,242.72,242.72,278.4,278.4,17,
Sam Darnold,MIN,QB,362,361,361,1,20,361,1,1,0.2456,361,4319,11.964,0.4193,13.903,2575,35,No,No,66,0.1828,128.7021,-0.1737,No,0.0471,35,0.097,0.0693,0.6898,0.0665,0.7202,2.6418,2.5758,7.133,148.8,No,Yes,207,312.76,312.76,312.76,312.76,312.76,315.76,315.76,312.76,312.76,312.76,312.76,355.95,355.95,17,
Andy Dalton,CAR,QB,106,106,106,1,6,106,1,1,0.2093,106,989,9.3302,0.4692,10.6509,549,7,Yes,No,17,0.1604,31.0573,-0.1326,No,0.0377,7,0.066,0.0472,0.6509,0.2642,0.7075,2.2736,2.5412,5.1792,127.6,No,Yes,50,67.56,67.56,67.56,67.56,67.56,70.56,70.56,67.56,67.56,67.56,67.56,77.45,77.45,6,
Trevor Lawrence,JAX,QB,172,172,172,1,8,172,1,1,0.2445,172,2045,11.8895,0.4244,13.1686,1222,11,No,No,22,0.1279,50.2126,-0.164,No,0.0523,19,0.1105,0.064,0.8081,0.093,0.7326,2.2674,2.3773,7.1047,137.5,No,Yes,97,125.3,125.3,125.3,125.3,125.3,128.3,128.3,125.3,125.3,125.3,125.3,145.75,145.75,10,
Bo Nix,DEN,QB,378,376,376,1,18,376,1,1,0.2048,376,3775,10.0399,0.5645,11.5824,1746,29,Yes,No,44,0.117,120.1243,-0.2025,No,0.0984,30,0.0798,0.0399,0.641,0.1516,0.7154,2.4271,2.5182,4.6436,134.2,No,Yes,170,273.2,274.2,273.7,274.2,274.2,277.2,276.7,274.2,274.2,274.2,273.7,311.95,311.95,17,0.0027
Bailey Zappe,CLV,QB,16,16,16,1,,16,1,1,0.1929,16,170,10.625,0.5882,11.875,70,1,No,No,2,0.125,4.4676,-0.1542,No,0.1875,,,,0.75,0.0625,0.9375,2.1938,2.75,4.375,131.8,No,Yes,8,10.8,10.8,10.8,10.8,10.8,10.8,10.8,10.8,10.8,10.8,10.8,12.5,12.5,1,
Anthony Richardson,IND,QB,126,126,126,1,2,126,1,1,0.2677,126,1814,14.3968,0.4432,15.6667,1025,8,No,No,22,0.1746,38.453,-0.1306,No,0.0794,12,0.0952,0.0952,0.8333,0.0317,0.7063,2.3437,2.3273,8.1349,139.9,No,Yes,73,104.46,105.46,104.96,105.46,105.46,108.46,107.96,105.46,105.46,105.46,104.96,123.6,123.6,11,0.0079
Russell Wilson,PIT,QB,214,214,214,1,9,214,1,1,0.2254,214,2482,11.5981,0.4795,13.0935,1324,16,No,No,38,0.1776,64.0035,-0.1215,No,0.014,22,0.1028,0.0888,0.6822,0.1495,0.743,2.3089,2.3132,6.1869,139.9,No,Yes,112,163.28,163.28,163.28,163.28,163.28,166.28,166.28,163.28,163.28,163.28,163.28,188.1,188.1,11,
Joe Burrow,CIN,QB,460,460,460,1,24,460,1,1,0.2255,460,4918,10.6913,0.4585,12.5609,2777,43,Yes,No,90,0.1957,143.6178,-0.1166,No,0.0152,22,0.0478,0.0761,0.6783,0.1022,0.7326,2.385,2.4111,6.037,142.4,No,Yes,253,368.72,368.72,368.72,368.72,368.72,371.72,371.72,368.72,368.72,368.72,368.72,417.9,417.9,17,
Joshua Dobbs,SF,QB,32,32,32,1,,32,1,1,0.2702,32,361,11.2812,0.2798,12.5312,260,2,No,No,2,0.0625,6.1578,-0.1299,No,0.0312,3,0.0938,,0.6875,,0.7188,1.6906,2.1,8.125,134.5,No,Yes,18,22.44,22.44,22.44,22.44,22.44,25.44,25.44,22.44,22.44,22.44,22.44,26.05,26.05,2,
